OBJECTID *,Shape *,Join_Count,TARGET_FID,id,name,latitude,longitude,latitude_2,longitude_2,name_2,observation_time,temperature,temperature_high,temperature_low,humidity,solar_radiation,solar_radiation_high,rain,rain_inches_last_hour,wind_speed_mph,wind_direction_degrees,wind_gust_speed_mph,wind_gust_direction_degrees,pressure,soil_temp_1,soil_temp_2,soil_temp_3,soil_temp_4,soil_moist_1,soil_moist_2,soil_moist_3,soil_moist_4,Temp_IDWalt,Temp_EBKalt,AREA,PERIMETER,NAME_U,NAME_L,NCAPC,CNTY_FIPS,STFID,POP2000,WHITE,BLACK,AMERI_ES,ASIAN,HAWN_PI,OTHER,MULT_RACE,HISPANIC,MALES,FEMALES,AGE_UNDER5,AGE_5_17,AGE_18_21,AGE_22_29,AGE_30_39,AGE_40_49,AGE_50_64,AGE_65_UP,MED_AGE,MED_AGE_M,MED_AGE_F,HOUSEHOLDS,AVE_HH_SZ,HSEHLD_1_M,HSEHLD_1_F,MARHH_CHD,MARHH_NO_C,MHH_CHILD,FHH_CHILD,FAMILIES,AVE_FAM_SZ,HSE_UNITS,VACANT,OWNER_OCC,RENTER_OCC,Shape__Are,Shape__Len
1,Point Z,1,1,142,WHIN052-MONT004,40.10483,-86.86619,40.10483,-86.86619,WHIN052-MONT004,2021-02-23T23:45:00Z,45,45,44,71,3,7,0,0,3,225,5,247.5,29.149,32,33,34,36,5,7,3,2,44.99632,44.36635,1308143679,145169.6661,MONTGOMERY,Montgomery,54,107,18107,37629,36414,288,73,159,13,413,269,611,18774,18855,2507,7259,2110,3585,5484,5507,5955,5222,36.6,34.7,38.2,14595,2.5,1549,2142,3650,4763,360,867,10246,2.97,15678,1083,10707,3888,2236232750,189829.4421
2,Point Z,1,2,162,WHIN070-WARR007,40.38422,-87.31635,40.38422,-87.31635,WHIN070-WARR007,2021-02-23T23:45:00Z,44,46,44,69,4,9,0,0,1,135,3,135,29.277,33,34,35,35,5,5,5,4,43.99159,42.18949,948193947.1,144068.6232,WARREN,Warren,86,171,18171,8419,8342,7,12,15,2,6,35,37,4267,4152,509,1684,313,689,1250,1287,1514,1173,38.2,36.6,39.9,3219,2.58,284,397,865,1223,79,129,2423,2.98,3477,258,2609,610,1635477879,189154.1783
3,Point Z,1,3,20,WHIN020-FOUN001,40.270957,-87.148604,40.270957,-87.148604,WHIN020-FOUN001,2021-02-23T23:45:00Z,42,43,42,74,2,7,0,0,4,225,7,225,30.076,32,32,33,34,6,8,5,5,42.0049,43.28991,1029786599,142438.1468,FOUNTAIN,Fountain,23,45,18045,17954,17722,19,36,32,1,50,94,190,8908,9046,1191,3520,771,1566,2574,2589,2949,2794,37.7,35.8,39.4,7041,2.52,700,1048,1778,2380,185,334,5038,3,7692,651,5482,1559,1764513518,186539.062
4,Point Z,1,4,144,WHIN054-WHIT007,40.53722,-86.95342,40.53722,-86.95342,WHIN054-WHIT007,2021-02-23T23:45:00Z,38,40,38,77,2,7,0,0,2,225,4,225,29.197,33,98,35,36,3,0,1,1,38.02692,39.85463,1302322797,145012.5148,TIPPECANOE,Tippecanoe,79,157,18157,148955,132354,3752,417,6649,48,3687,2048,7834,76423,72532,8771,22429,25638,24160,19157,18093,17175,13532,27.2,25.7,29,55226,2.42,7185,8304,11781,14137,951,3010,32403,3.01,58343,3117,30892,24334,2249101081,190593.3045
5,Point Z,1,5,152,WHIN060-WARR005,40.30878,-87.29943,<Null>,<Null>,<Null>,<Null>,<Null>,<Null>,<Null>,<Null>,<Null>,<Null>,<Null>,<Null>,<Null>,<Null>,<Null>,<Null>,<Null>,<Null>,<Null>,<Null>,<Null>,<Null>,<Null>,<Null>,<Null>,43.02227,43.01182,948193947.1,144068.6232,WARREN,Warren,86,171,18171,8419,8342,7,12,15,2,6,35,37,4267,4152,509,1684,313,689,1250,1287,1514,1173,38.2,36.6,39.9,3219,2.58,284,397,865,1223,79,129,2423,2.98,3477,258,2609,610,1635477879,189154.1783
6,Point Z,1,6,163,WHIN072-FOUN005,40.16179,-87.35246,40.16179,-87.35246,WHIN072-FOUN005,2021-02-23T23:45:00Z,45,45,42,72,5,11,0,0,6,180,7,180,28.951,32,33,33,35,6,3,5,2,44.99931,44.20131,1029786599,142438.1468,FOUNTAIN,Fountain,23,45,18045,17954,17722,19,36,32,1,50,94,190,8908,9046,1191,3520,771,1566,2574,2589,2949,2794,37.7,35.8,39.4,7041,2.52,700,1048,1778,2380,185,334,5038,3,7692,651,5482,1559,1764513518,186539.062
7,Point Z,1,7,166,Five Star Residence,40.42124,-86.84642,40.42124,-86.84642,Five Star Residence,2021-02-23T23:45:00Z,46,47,46,67,2,7,0,0,1,157.5,4,202.5,29.234,35,35,36,37,3,3,1,2,45.88695,43.85297,1302322797,145012.5148,TIPPECANOE,Tippecanoe,79,157,18157,148955,132354,3752,417,6649,48,3687,2048,7834,76423,72532,8771,22429,25638,24160,19157,18093,17175,13532,27.2,25.7,29,55226,2.42,7185,8304,11781,14137,951,3010,32403,3.01,58343,3117,30892,24334,2249101081,190593.3045
8,Point Z,1,8,145,WHIN055-BENT006,40.58629,-87.43654,40.58629,-87.43654,WHIN055-BENT006,2021-02-23T23:45:00Z,41,42,41,75,4,9,0,0,6,225,8,225,29.087,33,34,35,35,4,5,2,3,40.96617,39.63132,1051997674,130767.1265,BENTON,Benton,4,7,18007,9421,9129,20,13,8,0,121,130,245,4677,4744,626,2000,389,820,1341,1380,1388,1477,36.7,34.6,38.7,3558,2.59,343,528,963,1155,88,201,2549,3.09,3818,260,2697,861,1828494476,172361.6273
9,Point Z,1,9,153,WHIN061-WARR006,40.38539,-87.51034,40.38539,-87.51034,WHIN061-WARR006,2021-02-23T23:45:00Z,40,42,40,83,4,9,0,0,3,157.5,5,157.5,29.179,32,33,34,35,5,5,2,19,40.00151,41.0467,948193947.1,144068.6232,WARREN,Warren,86,171,18171,8419,8342,7,12,15,2,6,35,37,4267,4152,509,1684,313,689,1250,1287,1514,1173,38.2,36.6,39.9,3219,2.58,284,397,865,1223,79,129,2423,2.98,3477,258,2609,610,1635477879,189154.1783
10,Point Z,1,10,164,WHIN073-CLIN006,40.37634,-86.59591,40.37634,-86.59591,WHIN073-CLIN006,2021-02-23T23:45:00Z,41,42,41,76,1,5,0,0,4,180,6,180,29.109,32,32,34,34,14,5,4,5,40.98708,40.2671,1048797387,132964.602,CLINTON,Clinton,12,23,18023,33866,31962,103,48,71,7,1414,261,2478,16704,17162,2390,6853,1760,3419,4802,4990,4779,4873,35.6,33.8,37.3,12545,2.63,1208,1749,3372,4018,320,721,9059,3.1,13267,722,9140,3405,1806548422,174457.6145
11,Point Z,1,11,167,WHIN075-CLIN007,40.38116,-86.40269,40.38116,-86.40269,WHIN075-CLIN007,2021-02-23T23:45:00Z,39,40,39,76,2,7,0,0,5,225,6,225,29.049,32,33,34,35,4,5,4,4,39.00828,39.03596,1048797387,132964.602,CLINTON,Clinton,12,23,18023,33866,31962,103,48,71,7,1414,261,2478,16704,17162,2390,6853,1760,3419,4802,4990,4779,4873,35.6,33.8,37.3,12545,2.63,1208,1749,3372,4018,320,721,9059,3.1,13267,722,9140,3405,1806548422,174457.6145
12,Point Z,1,12,146,WHIN056-CLIN004,40.43134,-86.53464,40.43134,-86.53464,WHIN056-CLIN004,2021-02-23T23:45:00Z,38,40,37,77,2,7,0,0,6,202.5,7,180,29.18,32,33,34,34,4,5,5,2,38.01589,38.88672,970406171.8,140073.5824,CARROLL,Carroll,8,15,18015,20165,19691,40,33,12,1,280,108,591,10060,10105,1368,3930,870,1886,2883,3141,3281,2806,37.2,36.2,38.3,7718,2.59,784,976,2081,2820,185,294,5686,3.04,8675,957,6149,1569,1685479027,184606.9798
13,Point Z,1,13,154,WHIN063-CLIN005,40.37382,-86.31443,40.37382,-86.31443,WHIN063-CLIN005,2021-02-23T23:45:00Z,39,39,38,79,2,7,0,0,3,180,5,157.5,29.031,32,32,34,35,7,12,8,7,38.9544,38.6124,1048797387,132964.602,CLINTON,Clinton,12,23,18023,33866,31962,103,48,71,7,1414,261,2478,16704,17162,2390,6853,1760,3419,4802,4990,4779,4873,35.6,33.8,37.3,12545,2.63,1208,1749,3372,4018,320,721,9059,3.1,13267,722,9140,3405,1806548422,174457.6145
14,Point Z,1,14,165,WHIN074-BENT007,40.48527,-87.50375,<Null>,<Null>,<Null>,<Null>,<Null>,<Null>,<Null>,<Null>,<Null>,<Null>,<Null>,<Null>,<Null>,<Null>,<Null>,<Null>,<Null>,<Null>,<Null>,<Null>,<Null>,<Null>,<Null>,<Null>,<Null>,39.19657,40.10542,1051997674,130767.1265,BENTON,Benton,4,7,18007,9421,9129,20,13,8,0,121,130,245,4677,4744,626,2000,389,820,1341,1380,1388,1477,36.7,34.6,38.7,3558,2.59,343,528,963,1155,88,201,2549,3.09,3818,260,2697,861,1828494476,172361.6273
15,Point Z,1,15,155,WHIN064-CARR010,40.70178,-86.70649,40.70178,-86.70649,WHIN064-CARR010,2021-02-23T23:45:00Z,39,40,39,80,2,7,0,0,5,202.5,6,202.5,29.261,32,32,33,34,146,87,56,53,39.01926,39.32673,970406171.8,140073.5824,CARROLL,Carroll,8,15,18015,20165,19691,40,33,12,1,280,108,591,10060,10105,1368,3930,870,1886,2883,3141,3281,2806,37.2,36.2,38.3,7718,2.59,784,976,2081,2820,185,294,5686,3.04,8675,957,6149,1569,1685479027,184606.9798
16,Point Z,1,16,148,WHIN051-BENT005,40.47564,-87.20689,<Null>,<Null>,<Null>,<Null>,<Null>,<Null>,<Null>,<Null>,<Null>,<Null>,<Null>,<Null>,<Null>,<Null>,<Null>,<Null>,<Null>,<Null>,<Null>,<Null>,<Null>,<Null>,<Null>,<Null>,<Null>,44.51903,41.18687,1051997674,130767.1265,BENTON,Benton,4,7,18007,9421,9129,20,13,8,0,121,130,245,4677,4744,626,2000,389,820,1341,1380,1388,1477,36.7,34.6,38.7,3558,2.59,343,528,963,1155,88,201,2549,3.09,3818,260,2697,861,1828494476,172361.6273
17,Point Z,1,17,156,WHIN065-CARR011,40.51432,-86.45856,40.51432,-86.45856,WHIN065-CARR011,2021-02-23T23:45:00Z,40,41,39,77,2,7,0,0,5,202.5,7,202.5,29.187,32,32,33,35,22,15,16,9,39.99049,39.36783,970406171.8,140073.5824,CARROLL,Carroll,8,15,18015,20165,19691,40,33,12,1,280,108,591,10060,10105,1368,3930,870,1886,2883,3141,3281,2806,37.2,36.2,38.3,7718,2.59,784,976,2081,2820,185,294,5686,3.04,8675,957,6149,1569,1685479027,184606.9798
18,Point Z,1,18,43,WHIN043-WHIT006,40.494033,-87.188111,40.494033,-87.188111,WHIN043-WHIT006,2021-02-23T23:45:00Z,38,39,38,83,3,7,0,0,5,157.5,7,157.5,29.231,56,34,34,35,5,5,5,3,38.10563,40.70269,1051997674,130767.1265,BENTON,Benton,4,7,18007,9421,9129,20,13,8,0,121,130,245,4677,4744,626,2000,389,820,1341,1380,1388,1477,36.7,34.6,38.7,3558,2.59,343,528,963,1155,88,201,2549,3.09,3818,260,2697,861,1828494476,172361.6273
19,Point Z,1,19,157,WHIN066-BENT006 EXT,40.5485,-87.12477,40.5485,-87.12477,WHIN066-BENT006 EXT,2021-02-23T23:45:00Z,39,39,37,84,2,7,0,0,5,180,7,180,29.188,32,32,33,34,53,7,8,9,39.00305,39.62659,1051997674,130767.1265,BENTON,Benton,4,7,18007,9421,9129,20,13,8,0,121,130,245,4677,4744,626,2000,389,820,1341,1380,1388,1477,36.7,34.6,38.7,3558,2.59,343,528,963,1155,88,201,2549,3.09,3818,260,2697,861,1828494476,172361.6273
20,Point Z,1,20,2,WHIN002-BENT001,40.4757,-87.20692,<Null>,<Null>,<Null>,<Null>,<Null>,<Null>,<Null>,<Null>,<Null>,<Null>,<Null>,<Null>,<Null>,<Null>,<Null>,<Null>,<Null>,<Null>,<Null>,<Null>,<Null>,<Null>,<Null>,<Null>,<Null>,44.52451,41.1866,1051997674,130767.1265,BENTON,Benton,4,7,18007,9421,9129,20,13,8,0,121,130,245,4677,4744,626,2000,389,820,1341,1380,1388,1477,36.7,34.6,38.7,3558,2.59,343,528,963,1155,88,201,2549,3.09,3818,260,2697,861,1828494476,172361.6273
21,Point Z,1,21,159,WHIN068-WHIT008,40.78049,-86.89576,40.78049,-86.89576,WHIN068-WHIT008,2021-02-23T23:45:00Z,36,37,36,81,4,9,0,0,4,202.5,7,202.5,29.216,34,34,35,36,7,13,16,24,36.02534,36.51284,1316738458,170432.3147,WHITE,White,91,181,18181,25267,24054,40,64,62,9,805,233,1349,12429,12838,1619,4905,1136,2435,3453,3829,4143,3747,37.6,36,39.1,9727,2.57,863,1335,2409,3463,251,492,7093,2.99,12083,2356,7448,2279,2298475193,225126.9481
22,Point Z,1,22,37,WHIN037-TIPP004,40.46806,-86.98966,<Null>,<Null>,<Null>,<Null>,<Null>,<Null>,<Null>,<Null>,<Null>,<Null>,<Null>,<Null>,<Null>,<Null>,<Null>,<Null>,<Null>,<Null>,<Null>,<Null>,<Null>,<Null>,<Null>,<Null>,<Null>,41.7976,42.25525,1302322797,145012.5148,TIPPECANOE,Tippecanoe,79,157,18157,148955,132354,3752,417,6649,48,3687,2048,7834,76423,72532,8771,22429,25638,24160,19157,18093,17175,13532,27.2,25.7,29,55226,2.42,7185,8304,11781,14137,951,3010,32403,3.01,58343,3117,30892,24334,2249101081,190593.3045
23,Point Z,1,23,149,WHIN062-CARR009,40.59057,-86.39155,40.59057,-86.39155,WHIN062-CARR009,2021-02-23T23:45:00Z,39,40,39,76,1,5,0,0,3,180,4,180,29.22,32,32,34,35,4,5,4,5,38.99689,38.85939,970406171.8,140073.5824,CARROLL,Carroll,8,15,18015,20165,19691,40,33,12,1,280,108,591,10060,10105,1368,3930,870,1886,2883,3141,3281,2806,37.2,36.2,38.3,7718,2.59,784,976,2081,2820,185,294,5686,3.04,8675,957,6149,1569,1685479027,184606.9798
24,Point Z,1,24,141,Lafayette,40.38155,-86.82454,40.38155,-86.82454,Lafayette,2021-02-23T23:45:00Z,43,44,43,74,<Null>,32767,0,0,2,270,3,270,29.982,32,36,39,32,13,90,10,6,43.00774,42.96344,1302322797,145012.5148,TIPPECANOE,Tippecanoe,79,157,18157,148955,132354,3752,417,6649,48,3687,2048,7834,76423,72532,8771,22429,25638,24160,19157,18093,17175,13532,27.2,25.7,29,55226,2.42,7185,8304,11781,14137,951,3010,32403,3.01,58343,3117,30892,24334,2249101081,190593.3045
25,Point Z,1,25,133,Fowler,40.627848,-87.168468,40.627848,-87.168468,Fowler,2021-02-23T23:45:00Z,37,38,37,86,<Null>,32767,0,0,2,202.5,4,202.5,29.897,33,32,32,33,18,36,36,20,37.02033,38.27222,1051997674,130767.1265,BENTON,Benton,4,7,18007,9421,9129,20,13,8,0,121,130,245,4677,4744,626,2000,389,820,1341,1380,1388,1477,36.7,34.6,38.7,3558,2.59,343,528,963,1155,88,201,2549,3.09,3818,260,2697,861,1828494476,172361.6273
26,Point Z,1,26,134,Ambia,40.492173,-87.526147,40.492173,-87.526147,Ambia,2021-02-23T23:45:00Z,39,39,39,87,<Null>,32767,0,0,3,0,5,0,29.893,33,33,34,35,22,24,16,15,39.00217,39.97036,1051997674,130767.1265,BENTON,Benton,4,7,18007,9421,9129,20,13,8,0,121,130,245,4677,4744,626,2000,389,820,1341,1380,1388,1477,36.7,34.6,38.7,3558,2.59,343,528,963,1155,88,201,2549,3.09,3818,260,2697,861,1828494476,172361.6273
27,Point Z,1,27,135,Galveston,40.583613,-86.265597,40.583613,-86.265597,Galveston,2021-02-23T23:45:00Z,37,37,36,80,<Null>,32767,0,0,3,0,6,0,29.968,32,32,32,34,102,22,14,17,37.00912,37.51296,1073801001,147649.174,CASS,Cass,9,17,18017,40930,38352,527,127,221,17,1320,366,2905,20569,20361,2846,7740,2076,4162,5686,6124,6374,5922,36.7,34.8,38.6,15715,2.53,1661,2408,3729,5062,354,892,10928,3.01,16620,905,11577,4138,1874928893,195093.6424
28,Point Z,1,28,136,Chalmers,40.672542,-86.956108,40.672542,-86.956108,Chalmers,2021-02-23T23:30:00Z,34,34,34,89,<Null>,32767,0,0,5,202.5,7,202.5,29.872,32,33,33,34,11,8,9,13,34.06644,35.76896,1316738458,170432.3147,WHITE,White,91,181,18181,25267,24054,40,64,62,9,805,233,1349,12429,12838,1619,4905,1136,2435,3453,3829,4143,3747,37.6,36,39.1,9727,2.57,863,1335,2409,3463,251,492,7093,2.99,12083,2356,7448,2279,2298475193,225126.9481
29,Point Z,1,29,137,Chalmers,40.634109,-86.958648,40.634109,-86.958648,Chalmers,2021-02-23T23:45:00Z,38,38,37,87,<Null>,32767,0,0,4,202.5,7,180,30.079,33,33,34,35,8,12,10,8,37.96483,37.6757,1316738458,170432.3147,WHITE,White,91,181,18181,25267,24054,40,64,62,9,805,233,1349,12429,12838,1619,4905,1136,2435,3453,3829,4143,3747,37.6,36,39.1,9727,2.57,863,1335,2409,3463,251,492,7093,2.99,12083,2356,7448,2279,2298475193,225126.9481
30,Point Z,1,30,138,Wolcott,40.79066,-86.985167,<Null>,<Null>,<Null>,<Null>,<Null>,<Null>,<Null>,<Null>,<Null>,<Null>,<Null>,<Null>,<Null>,<Null>,<Null>,<Null>,<Null>,<Null>,<Null>,<Null>,<Null>,<Null>,<Null>,<Null>,<Null>,35.95979,35.80504,1316738458,170432.3147,WHITE,White,91,181,18181,25267,24054,40,64,62,9,805,233,1349,12429,12838,1619,4905,1136,2435,3453,3829,4143,3747,37.6,36,39.1,9727,2.57,863,1335,2409,3463,251,492,7093,2.99,12083,2356,7448,2279,2298475193,225126.9481
31,Point Z,1,31,140,Atkinson,40.563483,-87.213401,<Null>,<Null>,<Null>,<Null>,<Null>,<Null>,<Null>,<Null>,<Null>,<Null>,<Null>,<Null>,<Null>,<Null>,<Null>,<Null>,<Null>,<Null>,<Null>,<Null>,<Null>,<Null>,<Null>,<Null>,<Null>,39.54821,39.52251,1051997674,130767.1265,BENTON,Benton,4,7,18007,9421,9129,20,13,8,0,121,130,245,4677,4744,626,2000,389,820,1341,1380,1388,1477,36.7,34.6,38.7,3558,2.59,343,528,963,1155,88,201,2549,3.09,3818,260,2697,861,1828494476,172361.6273
32,Point Z,1,32,55,Monticello,40.822126,-86.759834,40.822126,-86.759834,Monticello,2021-02-23T23:30:00Z,40,41,40,78,<Null>,32767,0,0,2,202.5,4,202.5,29.91,35,35,36,36,9,10,8,7,39.98431,39.07879,1316738458,170432.3147,WHITE,White,91,181,18181,25267,24054,40,64,62,9,805,233,1349,12429,12838,1619,4905,1136,2435,3453,3829,4143,3747,37.6,36,39.1,9727,2.57,863,1335,2409,3463,251,492,7093,2.99,12083,2356,7448,2279,2298475193,225126.9481
33,Point Z,1,33,57,Idaville,40.755445,-86.687722,40.755445,-86.687722,Idaville,2021-02-23T23:45:00Z,38,39,38,79,2,7,0,0,0,<Null>,0,<Null>,30.213,34,34,35,36,45,40,200,25,38.0122,38.49279,1316738458,170432.3147,WHITE,White,91,181,18181,25267,24054,40,64,62,9,805,233,1349,12429,12838,1619,4905,1136,2435,3453,3829,4143,3747,37.6,36,39.1,9727,2.57,863,1335,2409,3463,251,492,7093,2.99,12083,2356,7448,2279,2298475193,225126.9481
34,Point Z,1,34,58,Reynolds,40.719675,-86.953554,40.719675,-86.953554,Reynolds,2021-02-23T23:30:00Z,38,39,38,84,<Null>,32767,0,0,0,<Null>,0,<Null>,30.106,32,32,34,34,8,10,11,17,37.9375,37.12048,1316738458,170432.3147,WHITE,White,91,181,18181,25267,24054,40,64,62,9,805,233,1349,12429,12838,1619,4905,1136,2435,3453,3829,4143,3747,37.6,36,39.1,9727,2.57,863,1335,2409,3463,251,492,7093,2.99,12083,2356,7448,2279,2298475193,225126.9481
35,Point Z,1,35,59,Wolcott,40.815599,-87.022044,40.815599,-87.022044,Wolcott,2021-02-23T23:45:00Z,34,35,34,90,<Null>,32767,0,0,0,<Null>,0,<Null>,30.128,32,33,34,34,21,18,13,12,34.02116,34.95033,1316738458,170432.3147,WHITE,White,91,181,18181,25267,24054,40,64,62,9,805,233,1349,12429,12838,1619,4905,1136,2435,3453,3829,4143,3747,37.6,36,39.1,9727,2.57,863,1335,2409,3463,251,492,7093,2.99,12083,2356,7448,2279,2298475193,225126.9481
36,Point Z,1,36,60,Chalmers,40.661383,-86.899776,40.661383,-86.899776,Chalmers,2021-02-23T23:30:00Z,36,36,36,86,<Null>,32767,0,0,0,<Null>,0,<Null>,30.2,32,33,34,35,16,200,12,10,36.04636,36.94833,1316738458,170432.3147,WHITE,White,91,181,18181,25267,24054,40,64,62,9,805,233,1349,12429,12838,1619,4905,1136,2435,3453,3829,4143,3747,37.6,36,39.1,9727,2.57,863,1335,2409,3463,251,492,7093,2.99,12083,2356,7448,2279,2298475193,225126.9481
37,Point Z,1,37,61,Reynolds,40.802037,-86.946194,40.802037,-86.946194,Reynolds,2021-02-23T23:45:00Z,37,39,37,82,<Null>,32767,0,0,4,180,9,180,30.345,32,32,33,35,6,6,23,22,36.98865,36.40623,1316738458,170432.3147,WHITE,White,91,181,18181,25267,24054,40,64,62,9,805,233,1349,12429,12838,1619,4905,1136,2435,3453,3829,4143,3747,37.6,36,39.1,9727,2.57,863,1335,2409,3463,251,492,7093,2.99,12083,2356,7448,2279,2298475193,225126.9481
38,Point Z,1,38,62,Remington,40.7584,-87.07972,<Null>,<Null>,<Null>,<Null>,<Null>,<Null>,<Null>,<Null>,<Null>,<Null>,<Null>,<Null>,<Null>,<Null>,<Null>,<Null>,<Null>,<Null>,<Null>,<Null>,<Null>,<Null>,<Null>,<Null>,<Null>,36.19948,36.0788,1316738458,170432.3147,WHITE,White,91,181,18181,25267,24054,40,64,62,9,805,233,1349,12429,12838,1619,4905,1136,2435,3453,3829,4143,3747,37.6,36,39.1,9727,2.57,863,1335,2409,3463,251,492,7093,2.99,12083,2356,7448,2279,2298475193,225126.9481
39,Point Z,1,39,63,Reynolds,40.728302,-86.916239,40.728302,-86.916239,Reynolds,2021-02-23T23:45:00Z,38,39,38,83,<Null>,32767,0,0,0,<Null>,0,<Null>,29.924,32,32,33,34,129,60,7,6,37.98315,37.2354,1316738458,170432.3147,WHITE,White,91,181,18181,25267,24054,40,64,62,9,805,233,1349,12429,12838,1619,4905,1136,2435,3453,3829,4143,3747,37.6,36,39.1,9727,2.57,863,1335,2409,3463,251,492,7093,2.99,12083,2356,7448,2279,2298475193,225126.9481
40,Point Z,1,40,64,Idaville,40.773402,-86.66637,40.773402,-86.66637,Idaville,2021-02-23T23:30:00Z,38,39,38,84,<Null>,32767,0,0,3,225,7,225,29.926,34,34,35,35,40,8,15,7,38.00959,38.27382,1316738458,170432.3147,WHITE,White,91,181,18181,25267,24054,40,64,62,9,805,233,1349,12429,12838,1619,4905,1136,2435,3453,3829,4143,3747,37.6,36,39.1,9727,2.57,863,1335,2409,3463,251,492,7093,2.99,12083,2356,7448,2279,2298475193,225126.9481
41,Point Z,1,41,65,Buffalo,40.829576,-86.652744,40.829576,-86.652744,Buffalo,2021-02-23T23:30:00Z,38,39,38,83,<Null>,32767,0,0,3,180,4,180,29.93,35,35,36,37,17,11,8,10,38.00418,38.14541,1316738458,170432.3147,WHITE,White,91,181,18181,25267,24054,40,64,62,9,805,233,1349,12429,12838,1619,4905,1136,2435,3453,3829,4143,3747,37.6,36,39.1,9727,2.57,863,1335,2409,3463,251,492,7093,2.99,12083,2356,7448,2279,2298475193,225126.9481
42,Point Z,1,42,68,Monticello,40.759491,-86.740779,40.759491,-86.740779,Monticello,2021-02-23T23:45:00Z,40,40,40,71,<Null>,32767,0,0,3,225,4,225,30.145,32,32,33,33,47,42,8,11,39.98085,39.21787,1316738458,170432.3147,WHITE,White,91,181,18181,25267,24054,40,64,62,9,805,233,1349,12429,12838,1619,4905,1136,2435,3453,3829,4143,3747,37.6,36,39.1,9727,2.57,863,1335,2409,3463,251,492,7093,2.99,12083,2356,7448,2279,2298475193,225126.9481
43,Point Z,1,43,69,Chalmers,40.695563,-86.81862,40.695563,-86.81862,Chalmers,2021-02-23T23:30:00Z,35,36,35,85,<Null>,32767,0,0,1,180,4,180,29.928,<Null>,<Null>,<Null>,<Null>,<Null>,<Null>,<Null>,<Null>,35.05231,37.05136,1316738458,170432.3147,WHITE,White,91,181,18181,25267,24054,40,64,62,9,805,233,1349,12429,12838,1619,4905,1136,2435,3453,3829,4143,3747,37.6,36,39.1,9727,2.57,863,1335,2409,3463,251,492,7093,2.99,12083,2356,7448,2279,2298475193,225126.9481
44,Point Z,1,44,70,Monticello,40.770583,-86.824476,40.770583,-86.824476,Monticello,2021-02-23T23:30:00Z,<Null>,<Null>,<Null>,<Null>,<Null>,32767,0,0,<Null>,<Null>,0,<Null>,29.856,35,35,35,35,1,0,1,0,37.56665,37.7717,1316738458,170432.3147,WHITE,White,91,181,18181,25267,24054,40,64,62,9,805,233,1349,12429,12838,1619,4905,1136,2435,3453,3829,4143,3747,37.6,36,39.1,9727,2.57,863,1335,2409,3463,251,492,7093,2.99,12083,2356,7448,2279,2298475193,225126.9481
45,Point Z,1,45,71,Reynolds,40.825688,-86.849015,40.825688,-86.849015,Reynolds,2021-02-23T23:45:00Z,37,38,37,79,<Null>,32767,0,0,0,202.5,1,202.5,30.126,32,33,33,34,15,9,15,32,37.00006,37.1886,1316738458,170432.3147,WHITE,White,91,181,18181,25267,24054,40,64,62,9,805,233,1349,12429,12838,1619,4905,1136,2435,3453,3829,4143,3747,37.6,36,39.1,9727,2.57,863,1335,2409,3463,251,492,7093,2.99,12083,2356,7448,2279,2298475193,225126.9481
46,Point Z,1,46,73,Reynolds,40.826202,-86.957728,40.826202,-86.957728,Reynolds,2021-02-23T23:45:00Z,35,36,35,88,<Null>,32767,0,0,4,202.5,6,202.5,30.24,33,34,35,36,14,19,22,17,35.02724,35.62812,1316738458,170432.3147,WHITE,White,91,181,18181,25267,24054,40,64,62,9,805,233,1349,12429,12838,1619,4905,1136,2435,3453,3829,4143,3747,37.6,36,39.1,9727,2.57,863,1335,2409,3463,251,492,7093,2.99,12083,2356,7448,2279,2298475193,225126.9481
47,Point Z,1,47,74,Reynolds,40.761498,-86.929607,40.761498,-86.929607,Reynolds,2021-02-23T23:45:00Z,37,37,37,85,<Null>,32767,0,0,0,<Null>,0,<Null>,30.135,32,32,33,34,22,44,48,11,36.99173,36.72219,1316738458,170432.3147,WHITE,White,91,181,18181,25267,24054,40,64,62,9,805,233,1349,12429,12838,1619,4905,1136,2435,3453,3829,4143,3747,37.6,36,39.1,9727,2.57,863,1335,2409,3463,251,492,7093,2.99,12083,2356,7448,2279,2298475193,225126.9481
48,Point Z,1,48,75,Chalmers,40.689716,-86.90624,40.689716,-86.90624,Chalmers,2021-02-23T23:30:00Z,36,37,36,87,<Null>,32767,0,0,5,180,7,180,29.828,32,32,33,34,13,7,8,9,36.02203,36.61862,1316738458,170432.3147,WHITE,White,91,181,18181,25267,24054,40,64,62,9,805,233,1349,12429,12838,1619,4905,1136,2435,3453,3829,4143,3747,37.6,36,39.1,9727,2.57,863,1335,2409,3463,251,492,7093,2.99,12083,2356,7448,2279,2298475193,225126.9481
49,Point Z,1,49,76,Wolcott,40.673137,-87.021874,40.673137,-87.021874,Wolcott,2021-02-23T23:30:00Z,40,40,40,1,<Null>,32767,0,0,5,225,8,247.5,29.904,32,32,33,33,42,29,12,7,39.94338,38.27631,1316738458,170432.3147,WHITE,White,91,181,18181,25267,24054,40,64,62,9,805,233,1349,12429,12838,1619,4905,1136,2435,3453,3829,4143,3747,37.6,36,39.1,9727,2.57,863,1335,2409,3463,251,492,7093,2.99,12083,2356,7448,2279,2298475193,225126.9481
50,Point Z,1,50,77,Wolcott,40.743364,-87.049567,<Null>,<Null>,<Null>,<Null>,<Null>,<Null>,<Null>,<Null>,<Null>,<Null>,<Null>,<Null>,<Null>,<Null>,<Null>,<Null>,<Null>,<Null>,<Null>,<Null>,<Null>,<Null>,<Null>,<Null>,<Null>,36.37828,36.28248,1316738458,170432.3147,WHITE,White,91,181,18181,25267,24054,40,64,62,9,805,233,1349,12429,12838,1619,4905,1136,2435,3453,3829,4143,3747,37.6,36,39.1,9727,2.57,863,1335,2409,3463,251,492,7093,2.99,12083,2356,7448,2279,2298475193,225126.9481
51,Point Z,1,51,78,Logansport,40.695819,-86.365904,40.695819,-86.365904,Logansport,2021-02-23T23:30:00Z,37,37,37,84,<Null>,32767,0,0,5,225,6,225,29.922,32,31,32,33,113,87,34,53,37.02092,37.79454,1073801001,147649.174,CASS,Cass,9,17,18017,40930,38352,527,127,221,17,1320,366,2905,20569,20361,2846,7740,2076,4162,5686,6124,6374,5922,36.7,34.8,38.6,15715,2.53,1661,2408,3729,5062,354,892,10928,3.01,16620,905,11577,4138,1874928893,195093.6424
52,Point Z,1,52,80,Raub,40.723125,-87.463008,<Null>,<Null>,<Null>,<Null>,<Null>,<Null>,<Null>,<Null>,<Null>,<Null>,<Null>,<Null>,<Null>,<Null>,<Null>,<Null>,<Null>,<Null>,<Null>,<Null>,<Null>,<Null>,<Null>,<Null>,<Null>,39.39141,38.40856,1051997674,130767.1265,BENTON,Benton,4,7,18007,9421,9129,20,13,8,0,121,130,245,4677,4744,626,2000,389,820,1341,1380,1388,1477,36.7,34.6,38.7,3558,2.59,343,528,963,1155,88,201,2549,3.09,3818,260,2697,861,1828494476,172361.6273
53,Point Z,1,53,81,Fowler,40.69341,-87.25839,40.69341,-87.25839,Fowler,2021-02-23T23:30:00Z,37,38,37,86,<Null>,32767,0,0,1,180,3,180,29.913,32,34,35,36,21,18,12,13,37.00283,37.6089,1051997674,130767.1265,BENTON,Benton,4,7,18007,9421,9129,20,13,8,0,121,130,245,4677,4744,626,2000,389,820,1341,1380,1388,1477,36.7,34.6,38.7,3558,2.59,343,528,963,1155,88,201,2549,3.09,3818,260,2697,861,1828494476,172361.6273
54,Point Z,1,54,82,Fowler,40.60715,-87.403967,40.60715,-87.403967,Fowler,2021-02-23T23:45:00Z,36,39,36,85,<Null>,32767,0,0,1,135,4,157.5,30.024,32,32,33,34,9,12,7,9,36.02709,39.198,1051997674,130767.1265,BENTON,Benton,4,7,18007,9421,9129,20,13,8,0,121,130,245,4677,4744,626,2000,389,820,1341,1380,1388,1477,36.7,34.6,38.7,3558,2.59,343,528,963,1155,88,201,2549,3.09,3818,260,2697,861,1828494476,172361.6273
55,Point Z,1,55,83,Earl Park,40.661282,-87.467932,40.661282,-87.467932,Earl Park,2021-02-23T23:45:00Z,40,40,38,86,<Null>,32767,0,0,0,<Null>,0,<Null>,29.879,32,33,33,34,13,12,13,15,39.97024,39.01117,1051997674,130767.1265,BENTON,Benton,4,7,18007,9421,9129,20,13,8,0,121,130,245,4677,4744,626,2000,389,820,1341,1380,1388,1477,36.7,34.6,38.7,3558,2.59,343,528,963,1155,88,201,2549,3.09,3818,260,2697,861,1828494476,172361.6273
56,Point Z,1,56,84,Remington,40.667349,-87.134882,40.667349,-87.134882,Remington,2021-02-23T23:45:00Z,39,39,39,84,<Null>,32767,0,0,0,<Null>,0,<Null>,30.037,32,33,34,35,13,35,11,8,38.98018,37.90516,1051997674,130767.1265,BENTON,Benton,4,7,18007,9421,9129,20,13,8,0,121,130,245,4677,4744,626,2000,389,820,1341,1380,1388,1477,36.7,34.6,38.7,3558,2.59,343,528,963,1155,88,201,2549,3.09,3818,260,2697,861,1828494476,172361.6273
57,Point Z,0,57,85,Goodland,40.73778,-87.219055,40.73778,-87.219055,Goodland,2021-02-23T23:30:00Z,36,37,36,89,<Null>,32767,0,0,6,202.5,7,202.5,29.923,32,32,34,35,124,49,10,35,36.00229,36.69545,<Null>,<Null>,<Null>,<Null>,<Null>,<Null>,<Null>,<Null>,<Null>,<Null>,<Null>,<Null>,<Null>,<Null>,<Null>,<Null>,<Null>,<Null>,<Null>,<Null>,<Null>,<Null>,<Null>,<Null>,<Null>,<Null>,<Null>,<Null>,<Null>,<Null>,<Null>,<Null>,<Null>,<Null>,<Null>,<Null>,<Null>,<Null>,<Null>,<Null>,<Null>,<Null>,<Null>,<Null>,<Null>
58,Point Z,1,58,86,Bringhurst,40.51346,-86.52579,<Null>,<Null>,<Null>,<Null>,<Null>,<Null>,<Null>,<Null>,<Null>,<Null>,<Null>,<Null>,<Null>,<Null>,<Null>,<Null>,<Null>,<Null>,<Null>,<Null>,<Null>,<Null>,<Null>,<Null>,<Null>,39.2006,39.17221,970406171.8,140073.5824,CARROLL,Carroll,8,15,18015,20165,19691,40,33,12,1,280,108,591,10060,10105,1368,3930,870,1886,2883,3141,3281,2806,37.2,36.2,38.3,7718,2.59,784,976,2081,2820,185,294,5686,3.04,8675,957,6149,1569,1685479027,184606.9798
59,Point Z,1,59,87,Delphi,40.631166,-86.667271,40.631166,-86.667271,Delphi,2021-02-23T23:45:00Z,39,41,39,80,<Null>,32767,0,0,1,247.5,2,247.5,29.895,32,32,33,34,17,14,8,11,39.0019,39.15774,970406171.8,140073.5824,CARROLL,Carroll,8,15,18015,20165,19691,40,33,12,1,280,108,591,10060,10105,1368,3930,870,1886,2883,3141,3281,2806,37.2,36.2,38.3,7718,2.59,784,976,2081,2820,185,294,5686,3.04,8675,957,6149,1569,1685479027,184606.9798
60,Point Z,1,60,88,Idaville,40.702729,-86.630101,<Null>,<Null>,<Null>,<Null>,<Null>,<Null>,<Null>,<Null>,<Null>,<Null>,<Null>,<Null>,<Null>,<Null>,<Null>,<Null>,<Null>,<Null>,<Null>,<Null>,<Null>,<Null>,<Null>,<Null>,<Null>,38.96346,38.97577,970406171.8,140073.5824,CARROLL,Carroll,8,15,18015,20165,19691,40,33,12,1,280,108,591,10060,10105,1368,3930,870,1886,2883,3141,3281,2806,37.2,36.2,38.3,7718,2.59,784,976,2081,2820,185,294,5686,3.04,8675,957,6149,1569,1685479027,184606.9798
61,Point Z,1,61,89,Yoeman,40.688775,-86.736643,40.688775,-86.736643,Yoeman,2021-02-23T23:30:00Z,42,43,42,76,<Null>,32767,0,0,3,202.5,5,202.5,29.911,32,33,33,34,15,37,28,19,41.98186,40.27319,970406171.8,140073.5824,CARROLL,Carroll,8,15,18015,20165,19691,40,33,12,1,280,108,591,10060,10105,1368,3930,870,1886,2883,3141,3281,2806,37.2,36.2,38.3,7718,2.59,784,976,2081,2820,185,294,5686,3.04,8675,957,6149,1569,1685479027,184606.9798
62,Point Z,1,62,90,Deer Creek,40.628255,-86.375592,40.628255,-86.375592,Deer Creek,2021-02-23T23:30:00Z,38,39,38,82,<Null>,32767,0,0,0,<Null>,0,<Null>,29.935,34,34,35,35,38,9,16,11,38.01604,38.26247,970406171.8,140073.5824,CARROLL,Carroll,8,15,18015,20165,19691,40,33,12,1,280,108,591,10060,10105,1368,3930,870,1886,2883,3141,3281,2806,37.2,36.2,38.3,7718,2.59,784,976,2081,2820,185,294,5686,3.04,8675,957,6149,1569,1685479027,184606.9798
63,Point Z,1,63,91,Clymers,40.684705,-86.46786,<Null>,<Null>,<Null>,<Null>,<Null>,<Null>,<Null>,<Null>,<Null>,<Null>,<Null>,<Null>,<Null>,<Null>,<Null>,<Null>,<Null>,<Null>,<Null>,<Null>,<Null>,<Null>,<Null>,<Null>,<Null>,38.78668,38.57624,970406171.8,140073.5824,CARROLL,Carroll,8,15,18015,20165,19691,40,33,12,1,280,108,591,10060,10105,1368,3930,870,1886,2883,3141,3281,2806,37.2,36.2,38.3,7718,2.59,784,976,2081,2820,185,294,5686,3.04,8675,957,6149,1569,1685479027,184606.9798
64,Point Z,1,64,92,Deer Creek,40.623732,-86.447208,40.623732,-86.447208,Deer Creek,2021-02-23T23:15:00Z,39,40,39,81,<Null>,32767,0,0,5,225,7,225,30.128,31,31,31,32,200,200,200,200,38.9892,38.96664,970406171.8,140073.5824,CARROLL,Carroll,8,15,18015,20165,19691,40,33,12,1,280,108,591,10060,10105,1368,3930,870,1886,2883,3141,3281,2806,37.2,36.2,38.3,7718,2.59,784,976,2081,2820,185,294,5686,3.04,8675,957,6149,1569,1685479027,184606.9798
65,Point Z,1,65,93,Wheeling,40.552261,-86.439149,40.552261,-86.439149,Wheeling,2021-02-23T23:45:00Z,38,40,38,78,<Null>,32767,0,0,1,202.5,3,202.5,29.915,35,32,33,34,200,60,14,24,38.02251,38.77125,970406171.8,140073.5824,CARROLL,Carroll,8,15,18015,20165,19691,40,33,12,1,280,108,591,10060,10105,1368,3930,870,1886,2883,3141,3281,2806,37.2,36.2,38.3,7718,2.59,784,976,2081,2820,185,294,5686,3.04,8675,957,6149,1569,1685479027,184606.9798
66,Point Z,1,66,94,Cutler,40.463216,-86.543915,<Null>,<Null>,<Null>,<Null>,<Null>,<Null>,<Null>,<Null>,<Null>,<Null>,<Null>,<Null>,<Null>,<Null>,<Null>,<Null>,<Null>,<Null>,<Null>,<Null>,<Null>,<Null>,<Null>,<Null>,<Null>,38.84352,39.25461,970406171.8,140073.5824,CARROLL,Carroll,8,15,18015,20165,19691,40,33,12,1,280,108,591,10060,10105,1368,3930,870,1886,2883,3141,3281,2806,37.2,36.2,38.3,7718,2.59,784,976,2081,2820,185,294,5686,3.04,8675,957,6149,1569,1685479027,184606.9798
67,Point Z,1,67,95,Flora,40.536407,-86.551531,40.536407,-86.551531,Flora,2021-02-23T23:30:00Z,38,40,38,80,<Null>,32767,0,0,1,225,5,225,29.906,31,31,32,32,200,200,100,46,38.02481,38.84849,970406171.8,140073.5824,CARROLL,Carroll,8,15,18015,20165,19691,40,33,12,1,280,108,591,10060,10105,1368,3930,870,1886,2883,3141,3281,2806,37.2,36.2,38.3,7718,2.59,784,976,2081,2820,185,294,5686,3.04,8675,957,6149,1569,1685479027,184606.9798
68,Point Z,1,68,96,Camden,40.624651,-86.523504,40.624651,-86.523504,Camden,2021-02-23T23:45:00Z,38,40,38,79,<Null>,32767,0,0,3,180,4,180,30.139,34,34,35,35,12,200,18,21,38.05671,38.88419,970406171.8,140073.5824,CARROLL,Carroll,8,15,18015,20165,19691,40,33,12,1,280,108,591,10060,10105,1368,3930,870,1886,2883,3141,3281,2806,37.2,36.2,38.3,7718,2.59,784,976,2081,2820,185,294,5686,3.04,8675,957,6149,1569,1685479027,184606.9798
69,Point Z,1,69,97,Delphi,40.472148,-86.652874,40.472148,-86.652874,Delphi,2021-02-23T23:30:00Z,42,44,42,73,<Null>,32767,0,0,0,<Null>,0,<Null>,29.836,32,33,34,34,15,21,20,17,41.98582,41.2668,970406171.8,140073.5824,CARROLL,Carroll,8,15,18015,20165,19691,40,33,12,1,280,108,591,10060,10105,1368,3930,870,1886,2883,3141,3281,2806,37.2,36.2,38.3,7718,2.59,784,976,2081,2820,185,294,5686,3.04,8675,957,6149,1569,1685479027,184606.9798
70,Point Z,1,70,98,Boswell,40.411898,-87.386022,<Null>,<Null>,<Null>,<Null>,<Null>,<Null>,<Null>,<Null>,<Null>,<Null>,<Null>,<Null>,<Null>,<Null>,<Null>,<Null>,<Null>,<Null>,<Null>,<Null>,<Null>,<Null>,<Null>,<Null>,<Null>,41.60622,41.44729,948193947.1,144068.6232,WARREN,Warren,86,171,18171,8419,8342,7,12,15,2,6,35,37,4267,4152,509,1684,313,689,1250,1287,1514,1173,38.2,36.6,39.9,3219,2.58,284,397,865,1223,79,129,2423,2.98,3477,258,2609,610,1635477879,189154.1783
71,Point Z,1,71,99,Hillsboro,40.00725,-87.10279,40.00725,-87.10279,Hillsboro,2021-02-23T23:45:00Z,48,49,47,65,<Null>,32767,0,0,2,225,4,225,30.128,32,33,33,34,20,19,8,8,47.99442,45.48898,1029786599,142438.1468,FOUNTAIN,Fountain,23,45,18045,17954,17722,19,36,32,1,50,94,190,8908,9046,1191,3520,771,1566,2574,2589,2949,2794,37.7,35.8,39.4,7041,2.52,700,1048,1778,2380,185,334,5038,3,7692,651,5482,1559,1764513518,186539.062
72,Point Z,1,72,100,Mellott,40.164185,-87.129829,40.164185,-87.129829,Mellott,2021-02-23T23:30:00Z,45,46,45,55,<Null>,32767,0,0,1,225,5,225,30.084,33,33,34,35,55,40,31,13,44.99746,44.55977,1029786599,142438.1468,FOUNTAIN,Fountain,23,45,18045,17954,17722,19,36,32,1,50,94,190,8908,9046,1191,3520,771,1566,2574,2589,2949,2794,37.7,35.8,39.4,7041,2.52,700,1048,1778,2380,185,334,5038,3,7692,651,5482,1559,1764513518,186539.062
73,Point Z,1,73,101,Hillsboro,40.05567,-87.158614,40.05567,-87.158614,Hillsboro,2021-02-23T23:30:00Z,44,45,44,76,<Null>,32767,0,0,5,0,9,0,29.906,33,33,34,35,19,28,20,13,44.00613,44.95869,1029786599,142438.1468,FOUNTAIN,Fountain,23,45,18045,17954,17722,19,36,32,1,50,94,190,8908,9046,1191,3520,771,1566,2574,2589,2949,2794,37.7,35.8,39.4,7041,2.52,700,1048,1778,2380,185,334,5038,3,7692,651,5482,1559,1764513518,186539.062
74,Point Z,1,74,102,Darlington,40.08745,-86.729214,40.08745,-86.729214,Darlington,2021-02-23T23:30:00Z,42,46,42,78,<Null>,32767,0,0,5,225,7,270,29.964,33,33,35,36,13,10,8,7,42.00848,42.72361,1308143679,145169.6661,MONTGOMERY,Montgomery,54,107,18107,37629,36414,288,73,159,13,413,269,611,18774,18855,2507,7259,2110,3585,5484,5507,5955,5222,36.6,34.7,38.2,14595,2.5,1549,2142,3650,4763,360,867,10246,2.97,15678,1083,10707,3888,2236232750,189829.4421
75,Point Z,1,75,103,Linden,40.145993,-86.847446,40.145993,-86.847446,Linden,2021-02-23T23:45:00Z,43,44,43,76,<Null>,32767,0,0,3,292.5,4,292.5,29.931,38,33,34,36,200,39,107,28,43.01494,43.52316,1308143679,145169.6661,MONTGOMERY,Montgomery,54,107,18107,37629,36414,288,73,159,13,413,269,611,18774,18855,2507,7259,2110,3585,5484,5507,5955,5222,36.6,34.7,38.2,14595,2.5,1549,2142,3650,4763,360,867,10246,2.97,15678,1083,10707,3888,2236232750,189829.4421
76,Point Z,1,76,104,Crawfordsville,40.018466,-86.940767,40.018466,-86.940767,Crawfordsville,2021-02-23T23:30:00Z,47,47,46,66,<Null>,32767,0,0,0,202.5,2,202.5,29.93,33,32,31,33,16,200,15,9,46.99322,45.57559,1308143679,145169.6661,MONTGOMERY,Montgomery,54,107,18107,37629,36414,288,73,159,13,413,269,611,18774,18855,2507,7259,2110,3585,5484,5507,5955,5222,36.6,34.7,38.2,14595,2.5,1549,2142,3650,4763,360,867,10246,2.97,15678,1083,10707,3888,2236232750,189829.4421
77,Point Z,1,77,105,North Salem,39.892397,-86.722756,39.892397,-86.722756,North Salem,2021-02-23T23:45:00Z,46,47,46,64,<Null>,32767,0,0,1,202.5,4,0,30.528,31,33,34,35,17,20,200,8,45.99193,44.38266,1308143679,145169.6661,MONTGOMERY,Montgomery,54,107,18107,37629,36414,288,73,159,13,413,269,611,18774,18855,2507,7259,2110,3585,5484,5507,5955,5222,36.6,34.7,38.2,14595,2.5,1549,2142,3650,4763,360,867,10246,2.97,15678,1083,10707,3888,2236232750,189829.4421
78,Point Z,1,78,106,New Ross,39.984197,-86.740364,39.984197,-86.740364,New Ross,2021-02-23T23:30:00Z,43,45,43,80,<Null>,32767,0,0,2,202.5,4,202.5,29.978,32,32,33,33,20,23,8,10,43.00407,43.68394,1308143679,145169.6661,MONTGOMERY,Montgomery,54,107,18107,37629,36414,288,73,159,13,413,269,611,18774,18855,2507,7259,2110,3585,5484,5507,5955,5222,36.6,34.7,38.2,14595,2.5,1549,2142,3650,4763,360,867,10246,2.97,15678,1083,10707,3888,2236232750,189829.4421
79,Point Z,1,79,107,Ladoga,39.9515,-86.803844,<Null>,<Null>,<Null>,<Null>,<Null>,<Null>,<Null>,<Null>,<Null>,<Null>,<Null>,<Null>,<Null>,<Null>,<Null>,<Null>,<Null>,<Null>,<Null>,<Null>,<Null>,<Null>,<Null>,<Null>,<Null>,44.23652,44.36023,1308143679,145169.6661,MONTGOMERY,Montgomery,54,107,18107,37629,36414,288,73,159,13,413,269,611,18774,18855,2507,7259,2110,3585,5484,5507,5955,5222,36.6,34.7,38.2,14595,2.5,1549,2142,3650,4763,360,867,10246,2.97,15678,1083,10707,3888,2236232750,189829.4421
80,Point Z,1,80,108,Roachdale,39.870691,-86.826608,39.870691,-86.826608,Roachdale,2021-02-23T23:30:00Z,46,46,46,66,<Null>,32767,0,0,3,247.5,5,247.5,30.052,32,32,33,34,12,9,6,9,<Null>,<Null>,1308143679,145169.6661,MONTGOMERY,Montgomery,54,107,18107,37629,36414,288,73,159,13,413,269,611,18774,18855,2507,7259,2110,3585,5484,5507,5955,5222,36.6,34.7,38.2,14595,2.5,1549,2142,3650,4763,360,867,10246,2.97,15678,1083,10707,3888,2236232750,189829.4421
81,Point Z,1,81,109,Parkersburg,39.898632,-86.893312,39.898632,-86.893312,Parkersburg,2021-02-23T23:30:00Z,43,44,43,78,<Null>,32767,0,0,5,225,6,225,29.956,32,32,32,33,200,200,46,13,43.01004,44.40431,1308143679,145169.6661,MONTGOMERY,Montgomery,54,107,18107,37629,36414,288,73,159,13,413,269,611,18774,18855,2507,7259,2110,3585,5484,5507,5955,5222,36.6,34.7,38.2,14595,2.5,1549,2142,3650,4763,360,867,10246,2.97,15678,1083,10707,3888,2236232750,189829.4421
82,Point Z,1,82,110,Crawfordsville,39.929524,-86.896321,39.929524,-86.896321,Crawfordsville,2021-02-23T23:45:00Z,43,45,43,73,<Null>,32767,0,0,4,225,6,225,29.96,31,32,32,34,200,82,8,5,43.00895,44.473,1308143679,145169.6661,MONTGOMERY,Montgomery,54,107,18107,37629,36414,288,73,159,13,413,269,611,18774,18855,2507,7259,2110,3585,5484,5507,5955,5222,36.6,34.7,38.2,14595,2.5,1549,2142,3650,4763,360,867,10246,2.97,15678,1083,10707,3888,2236232750,189829.4421
83,Point Z,1,83,111,Crawfordsville,39.94515,-86.98748,<Null>,<Null>,<Null>,<Null>,<Null>,<Null>,<Null>,<Null>,<Null>,<Null>,<Null>,<Null>,<Null>,<Null>,<Null>,<Null>,<Null>,<Null>,<Null>,<Null>,<Null>,<Null>,<Null>,<Null>,<Null>,44.8473,44.92569,1308143679,145169.6661,MONTGOMERY,Montgomery,54,107,18107,37629,36414,288,73,159,13,413,269,611,18774,18855,2507,7259,2110,3585,5484,5507,5955,5222,36.6,34.7,38.2,14595,2.5,1549,2142,3650,4763,360,867,10246,2.97,15678,1083,10707,3888,2236232750,189829.4421
84,Point Z,1,84,112,Waveland,39.883063,-87.011171,39.883063,-87.011171,Waveland,2021-02-23T23:30:00Z,44,45,44,74,<Null>,32767,0,0,5,247.5,6,225,30.038,32,32,33,34,55,14,115,95,44.00352,44.51974,1308143679,145169.6661,MONTGOMERY,Montgomery,54,107,18107,37629,36414,288,73,159,13,413,269,611,18774,18855,2507,7259,2110,3585,5484,5507,5955,5222,36.6,34.7,38.2,14595,2.5,1549,2142,3650,4763,360,867,10246,2.97,15678,1083,10707,3888,2236232750,189829.4421
85,Point Z,1,85,113,Boyleston,40.280842,-86.378521,40.280842,-86.378521,Boyleston,2021-02-23T23:45:00Z,39,40,39,82,<Null>,32767,0,0,0,<Null>,0,<Null>,29.908,32,32,33,34,58,33,31,12,39.0264,39.90782,1048797387,132964.602,CLINTON,Clinton,12,23,18023,33866,31962,103,48,71,7,1414,261,2478,16704,17162,2390,6853,1760,3419,4802,4990,4779,4873,35.6,33.8,37.3,12545,2.63,1208,1749,3372,4018,320,721,9059,3.1,13267,722,9140,3405,1806548422,174457.6145
86,Point Z,1,86,114,Michigantown,40.33221,-86.38949,40.33221,-86.38949,Michigantown,2021-02-23T23:30:00Z,43,44,43,77,<Null>,32767,0,0,2,202.5,5,225,29.689,32,32,34,37,200,162,27,21,42.92299,40.7896,1048797387,132964.602,CLINTON,Clinton,12,23,18023,33866,31962,103,48,71,7,1414,261,2478,16704,17162,2390,6853,1760,3419,4802,4990,4779,4873,35.6,33.8,37.3,12545,2.63,1208,1749,3372,4018,320,721,9059,3.1,13267,722,9140,3405,1806548422,174457.6145
87,Point Z,1,87,115,Frankfort,40.19144,-86.50895,40.19144,-86.50895,Frankfort,2021-02-23T23:30:00Z,41,44,41,67,<Null>,32767,0,0,0,225,3,225,29.982,32,33,34,34,25,48,38,35,41.00871,40.94283,1048797387,132964.602,CLINTON,Clinton,12,23,18023,33866,31962,103,48,71,7,1414,261,2478,16704,17162,2390,6853,1760,3419,4802,4990,4779,4873,35.6,33.8,37.3,12545,2.63,1208,1749,3372,4018,320,721,9059,3.1,13267,722,9140,3405,1806548422,174457.6145
88,Point Z,1,88,116,Frankfort,40.257054,-86.455001,40.257054,-86.455001,Frankfort,2021-02-23T23:30:00Z,42,42,42,79,<Null>,32767,0,0,0,<Null>,0,<Null>,29.953,33,34,34,35,10,200,8,9,41.98269,40.98447,1048797387,132964.602,CLINTON,Clinton,12,23,18023,33866,31962,103,48,71,7,1414,261,2478,16704,17162,2390,6853,1760,3419,4802,4990,4779,4873,35.6,33.8,37.3,12545,2.63,1208,1749,3372,4018,320,721,9059,3.1,13267,722,9140,3405,1806548422,174457.6145
89,Point Z,1,89,117,Frankfort,40.33982,-86.5305,40.33982,-86.5305,Frankfort,2021-02-23T23:45:00Z,42,43,41,74,<Null>,32767,0,0,1,247.5,2,247.5,29.737,33,33,34,34,10,11,9,7,41.96742,40.59092,1048797387,132964.602,CLINTON,Clinton,12,23,18023,33866,31962,103,48,71,7,1414,261,2478,16704,17162,2390,6853,1760,3419,4802,4990,4779,4873,35.6,33.8,37.3,12545,2.63,1208,1749,3372,4018,320,721,9059,3.1,13267,722,9140,3405,1806548422,174457.6145
90,Point Z,1,90,118,Frankfort,40.224599,-86.55297,40.224599,-86.55297,Frankfort,2021-02-23T23:45:00Z,41,42,41,78,<Null>,32767,0,0,3,202.5,5,202.5,29.939,32,32,33,34,15,12,200,9,40.98004,40.47448,1048797387,132964.602,CLINTON,Clinton,12,23,18023,33866,31962,103,48,71,7,1414,261,2478,16704,17162,2390,6853,1760,3419,4802,4990,4779,4873,35.6,33.8,37.3,12545,2.63,1208,1749,3372,4018,320,721,9059,3.1,13267,722,9140,3405,1806548422,174457.6145
91,Point Z,1,91,119,Forest,40.357423,-86.325579,40.357423,-86.325579,Forest,2021-02-23T23:30:00Z,37,38,37,85,<Null>,32767,0,0,3,247.5,5,247.5,29.948,31,32,33,32,107,58,46,23,37.06503,38.46264,1048797387,132964.602,CLINTON,Clinton,12,23,18023,33866,31962,103,48,71,7,1414,261,2478,16704,17162,2390,6853,1760,3419,4802,4990,4779,4873,35.6,33.8,37.3,12545,2.63,1208,1749,3372,4018,320,721,9059,3.1,13267,722,9140,3405,1806548422,174457.6145
92,Point Z,1,92,120,Forest,40.33095,-86.26613,40.33095,-86.26613,Forest,2021-02-23T23:30:00Z,40,41,40,79,<Null>,32767,0,0,0,<Null>,0,<Null>,29.936,32,32,33,34,200,33,<Null>,39,39.98642,39.33325,1048797387,132964.602,CLINTON,Clinton,12,23,18023,33866,31962,103,48,71,7,1414,261,2478,16704,17162,2390,6853,1760,3419,4802,4990,4779,4873,35.6,33.8,37.3,12545,2.63,1208,1749,3372,4018,320,721,9059,3.1,13267,722,9140,3405,1806548422,174457.6145
93,Point Z,1,93,121,Kempton,40.271916,-86.24617,<Null>,<Null>,<Null>,<Null>,<Null>,<Null>,<Null>,<Null>,<Null>,<Null>,<Null>,<Null>,<Null>,<Null>,<Null>,<Null>,<Null>,<Null>,<Null>,<Null>,<Null>,<Null>,<Null>,<Null>,<Null>,39.57701,39.45109,1048797387,132964.602,CLINTON,Clinton,12,23,18023,33866,31962,103,48,71,7,1414,261,2478,16704,17162,2390,6853,1760,3419,4802,4990,4779,4873,35.6,33.8,37.3,12545,2.63,1208,1749,3372,4018,320,721,9059,3.1,13267,722,9140,3405,1806548422,174457.6145
94,Point Z,1,94,122,Kirklin,40.187308,-86.344278,40.187308,-86.344278,Kirklin,2021-02-23T23:30:00Z,39,41,39,82,<Null>,32767,0,0,2,270,4,270,29.946,32,32,32,34,94,11,8,84,39.00723,39.87265,1048797387,132964.602,CLINTON,Clinton,12,23,18023,33866,31962,103,48,71,7,1414,261,2478,16704,17162,2390,6853,1760,3419,4802,4990,4779,4873,35.6,33.8,37.3,12545,2.63,1208,1749,3372,4018,320,721,9059,3.1,13267,722,9140,3405,1806548422,174457.6145
95,Point Z,1,95,123,Hillisburg,40.256952,-86.352927,40.256952,-86.352927,Hillisburg,2021-02-23T23:30:00Z,40,40,40,81,<Null>,32767,0,0,0,<Null>,0,<Null>,29.947,31,32,33,32,200,<Null>,69,200,39.99255,39.98526,1048797387,132964.602,CLINTON,Clinton,12,23,18023,33866,31962,103,48,71,7,1414,261,2478,16704,17162,2390,6853,1760,3419,4802,4990,4779,4873,35.6,33.8,37.3,12545,2.63,1208,1749,3372,4018,320,721,9059,3.1,13267,722,9140,3405,1806548422,174457.6145
96,Point Z,1,96,124,Middlefork,40.409453,-86.36011,40.409453,-86.36011,Middlefork,2021-02-23T23:45:00Z,36,36,36,85,<Null>,32767,0,0,4,0,6,0,30.034,33,34,34,35,13,12,9,7,36.05728,37.48479,1048797387,132964.602,CLINTON,Clinton,12,23,18023,33866,31962,103,48,71,7,1414,261,2478,16704,17162,2390,6853,1760,3419,4802,4990,4779,4873,35.6,33.8,37.3,12545,2.63,1208,1749,3372,4018,320,721,9059,3.1,13267,722,9140,3405,1806548422,174457.6145
97,Point Z,1,97,125,Middlefork,40.409609,-86.435487,40.409609,-86.435487,Middlefork,2021-02-23T23:30:00Z,38,39,38,83,<Null>,32767,0,0,5,202.5,6,202.5,29.917,<Null>,<Null>,<Null>,<Null>,<Null>,<Null>,<Null>,<Null>,38.03925,38.71109,1048797387,132964.602,CLINTON,Clinton,12,23,18023,33866,31962,103,48,71,7,1414,261,2478,16704,17162,2390,6853,1760,3419,4802,4990,4779,4873,35.6,33.8,37.3,12545,2.63,1208,1749,3372,4018,320,721,9059,3.1,13267,722,9140,3405,1806548422,174457.6145
98,Point Z,1,98,126,Michigantown,40.340879,-86.44863,40.340879,-86.44863,Michigantown,2021-02-23T23:30:00Z,40,41,40,74,<Null>,32767,0,0,1,225,3,225,29.948,32,32,33,34,17,23,23,29,40.00181,40.18964,1048797387,132964.602,CLINTON,Clinton,12,23,18023,33866,31962,103,48,71,7,1414,261,2478,16704,17162,2390,6853,1760,3419,4802,4990,4779,4873,35.6,33.8,37.3,12545,2.63,1208,1749,3372,4018,320,721,9059,3.1,13267,722,9140,3405,1806548422,174457.6145
99,Point Z,1,99,127,Frankfort,40.205871,-86.437507,40.205871,-86.437507,Frankfort,2021-02-23T23:30:00Z,42,42,42,78,<Null>,32767,0,0,4,270,6,270,30.253,33,33,34,34,20,10,10,12,41.98306,40.94772,1048797387,132964.602,CLINTON,Clinton,12,23,18023,33866,31962,103,48,71,7,1414,261,2478,16704,17162,2390,6853,1760,3419,4802,4990,4779,4873,35.6,33.8,37.3,12545,2.63,1208,1749,3372,4018,320,721,9059,3.1,13267,722,9140,3405,1806548422,174457.6145
100,Point Z,1,100,128,Frankfort,40.188546,-86.536138,40.188546,-86.536138,Frankfort,2021-02-23T23:30:00Z,42,45,42,76,<Null>,32767,0,0,0,<Null>,0,<Null>,29.951,32,32,33,34,12,11,10,9,41.97417,41.02131,1048797387,132964.602,CLINTON,Clinton,12,23,18023,33866,31962,103,48,71,7,1414,261,2478,16704,17162,2390,6853,1760,3419,4802,4990,4779,4873,35.6,33.8,37.3,12545,2.63,1208,1749,3372,4018,320,721,9059,3.1,13267,722,9140,3405,1806548422,174457.6145
101,Point Z,1,101,129,Frankfort,40.260898,-86.534023,40.260898,-86.534023,Frankfort,2021-02-23T23:30:00Z,40,40,40,83,<Null>,32767,0,0,2,202.5,4,202.5,29.944,33,34,35,39,0,8,7,7,40.00734,40.34347,1048797387,132964.602,CLINTON,Clinton,12,23,18023,33866,31962,103,48,71,7,1414,261,2478,16704,17162,2390,6853,1760,3419,4802,4990,4779,4873,35.6,33.8,37.3,12545,2.63,1208,1749,3372,4018,320,721,9059,3.1,13267,722,9140,3405,1806548422,174457.6145
102,Point Z,1,102,130,Rossville,40.397915,-86.553685,40.397915,-86.553685,Rossville,2021-02-23T23:45:00Z,38,40,38,82,<Null>,32767,0,0,0,<Null>,0,<Null>,29.808,32,32,32,33,52,22,14,12,38.03232,39.19202,1048797387,132964.602,CLINTON,Clinton,12,23,18023,33866,31962,103,48,71,7,1414,261,2478,16704,17162,2390,6853,1760,3419,4802,4990,4779,4873,35.6,33.8,37.3,12545,2.63,1208,1749,3372,4018,320,721,9059,3.1,13267,722,9140,3405,1806548422,174457.6145
103,Point Z,1,103,131,Frankfort,40.261357,-86.659273,<Null>,<Null>,<Null>,<Null>,<Null>,<Null>,<Null>,<Null>,<Null>,<Null>,<Null>,<Null>,<Null>,<Null>,<Null>,<Null>,<Null>,<Null>,<Null>,<Null>,<Null>,<Null>,<Null>,<Null>,<Null>,39.96055,40.75719,1048797387,132964.602,CLINTON,Clinton,12,23,18023,33866,31962,103,48,71,7,1414,261,2478,16704,17162,2390,6853,1760,3419,4802,4990,4779,4873,35.6,33.8,37.3,12545,2.63,1208,1749,3372,4018,320,721,9059,3.1,13267,722,9140,3405,1806548422,174457.6145
104,Point Z,1,104,132,Colfax,40.182259,-86.648022,<Null>,<Null>,<Null>,<Null>,<Null>,<Null>,<Null>,<Null>,<Null>,<Null>,<Null>,<Null>,<Null>,<Null>,<Null>,<Null>,<Null>,<Null>,<Null>,<Null>,<Null>,<Null>,<Null>,<Null>,<Null>,40.68183,41.29771,1048797387,132964.602,CLINTON,Clinton,12,23,18023,33866,31962,103,48,71,7,1414,261,2478,16704,17162,2390,6853,1760,3419,4802,4990,4779,4873,35.6,33.8,37.3,12545,2.63,1208,1749,3372,4018,320,721,9059,3.1,13267,722,9140,3405,1806548422,174457.6145
105,Point Z,1,105,39,WHIN039-WHIT004 Frontier HS,40.66711,-86.86156,40.66711,-86.86156,WHIN039-WHIT004 Frontier HS,2021-02-23T23:45:00Z,40,40,39,82,0,0,0,0,2,247.5,4,225,29.213,33,33,34,36,6,4,5,6,39.90651,38.55867,1316738458,170432.3147,WHITE,White,91,181,18181,25267,24054,40,64,62,9,805,233,1349,12429,12838,1619,4905,1136,2435,3453,3829,4143,3747,37.6,36,39.1,9727,2.57,863,1335,2409,3463,251,492,7093,2.99,12083,2356,7448,2279,2298475193,225126.9481
106,Point Z,1,106,40,WHIN040-WHIT005 Tri-County HS,40.73415,-87.08579,40.73415,-87.08579,WHIN040-WHIT005 Tri-County HS,2021-02-23T23:45:00Z,36,37,36,85,3,7,0,0,2,180,5,180,29.2,34,34,35,35,5,8,5,6,36.00835,36.41098,1316738458,170432.3147,WHITE,White,91,181,18181,25267,24054,40,64,62,9,805,233,1349,12429,12838,1619,4905,1136,2435,3453,3829,4143,3747,37.6,36,39.1,9727,2.57,863,1335,2409,3463,251,492,7093,2.99,12083,2356,7448,2279,2298475193,225126.9481
107,Point Z,1,107,32,WHIN032-FOUN004 EXT,40.118,-87.28628,40.118,-87.28628,WHIN032-FOUN004 EXT,2021-02-23T23:45:00Z,47,47,45,68,5,11,0,0,3,157.5,6,202.5,29.176,33,34,34,35,5,3,2,2,46.98933,44.80064,1029786599,142438.1468,FOUNTAIN,Fountain,23,45,18045,17954,17722,19,36,32,1,50,94,190,8908,9046,1191,3520,771,1566,2574,2589,2949,2794,37.7,35.8,39.4,7041,2.52,700,1048,1778,2380,185,334,5038,3,7692,651,5482,1559,1764513518,186539.062
108,Point Z,1,108,34,WHIN034-WARR003 EXT,40.4492,-87.24212,40.4492,-87.24212,WHIN034-WARR003 EXT,2021-02-23T23:45:00Z,39,46,39,76,3,7,0,0,1,202.5,3,202.5,29.252,32,33,33,34,4,5,4,3,39.03274,41.16596,948193947.1,144068.6232,WARREN,Warren,86,171,18171,8419,8342,7,12,15,2,6,35,37,4267,4152,509,1684,313,689,1250,1287,1514,1173,38.2,36.6,39.9,3219,2.58,284,397,865,1223,79,129,2423,2.98,3477,258,2609,610,1635477879,189154.1783
109,Point Z,1,109,45,WHIN045-CARR003,40.57594,-86.42681,40.57594,-86.42681,WHIN045-CARR003,2021-02-23T23:45:00Z,40,41,40,77,2,7,0,0,0,202.5,2,202.5,29.233,34,33,35,35,4,7,4,5,39.9384,39.32828,970406171.8,140073.5824,CARROLL,Carroll,8,15,18015,20165,19691,40,33,12,1,280,108,591,10060,10105,1368,3930,870,1886,2883,3141,3281,2806,37.2,36.2,38.3,7718,2.59,784,976,2081,2820,185,294,5686,3.04,8675,957,6149,1569,1685479027,184606.9798
110,Point Z,1,110,46,WHIN046-CARR004,40.62386,-86.56297,40.62386,-86.56297,WHIN046-CARR004,2021-02-23T23:45:00Z,40,42,40,76,2,7,0,0,4,180,5,180,29.263,33,34,34,35,7,5,4,4,39.97062,39.41598,970406171.8,140073.5824,CARROLL,Carroll,8,15,18015,20165,19691,40,33,12,1,280,108,591,10060,10105,1368,3930,870,1886,2883,3141,3281,2806,37.2,36.2,38.3,7718,2.59,784,976,2081,2820,185,294,5686,3.04,8675,957,6149,1569,1685479027,184606.9798
111,Point Z,1,111,47,WHIN047-CARR005,40.62344,-86.49658,40.62344,-86.49658,WHIN047-CARR005,2021-02-23T23:45:00Z,41,41,41,76,2,7,0,0,4,180,6,180,29.263,32,32,34,35,13,20,13,8,40.90594,39.69944,970406171.8,140073.5824,CARROLL,Carroll,8,15,18015,20165,19691,40,33,12,1,280,108,591,10060,10105,1368,3930,870,1886,2883,3141,3281,2806,37.2,36.2,38.3,7718,2.59,784,976,2081,2820,185,294,5686,3.04,8675,957,6149,1569,1685479027,184606.9798
112,Point Z,1,112,48,WHIN048-CARR006,40.61944,-86.43236,40.61944,-86.43236,WHIN048-CARR006,2021-02-23T23:30:00Z,39,39,38,75,9,18,0,0,4,202.5,5,202.5,29.218,33,33,34,34,13,15,12,15,38.98345,38.88303,970406171.8,140073.5824,CARROLL,Carroll,8,15,18015,20165,19691,40,33,12,1,280,108,591,10060,10105,1368,3930,870,1886,2883,3141,3281,2806,37.2,36.2,38.3,7718,2.59,784,976,2081,2820,185,294,5686,3.04,8675,957,6149,1569,1685479027,184606.9798
113,Point Z,1,113,49,WHIN049-CARR007,40.64308,-86.42975,40.64308,-86.42975,WHIN049-CARR007,2021-02-23T23:30:00Z,38,38,36,82,9,12,0,0,4,202.5,6,202.5,29.21,34,34,35,36,12,7,9,6,38.02864,38.43834,970406171.8,140073.5824,CARROLL,Carroll,8,15,18015,20165,19691,40,33,12,1,280,108,591,10060,10105,1368,3930,870,1886,2883,3141,3281,2806,37.2,36.2,38.3,7718,2.59,784,976,2081,2820,185,294,5686,3.04,8675,957,6149,1569,1685479027,184606.9798
114,Point Z,1,114,50,WHIN050-CARR008,40.57311,-86.53475,40.57311,-86.53475,WHIN050-CARR008,2021-02-23T23:45:00Z,37,38,37,78,2,7,0,0,1,0,3,0,29.277,34,35,35,35,6,6,10,10,37.08636,38.37158,970406171.8,140073.5824,CARROLL,Carroll,8,15,18015,20165,19691,40,33,12,1,280,108,591,10060,10105,1368,3930,870,1886,2883,3141,3281,2806,37.2,36.2,38.3,7718,2.59,784,976,2081,2820,185,294,5686,3.04,8675,957,6149,1569,1685479027,184606.9798
115,Point Z,1,115,3,WHIN003-WHIT001,40.73083,-86.98467,40.73083,-86.98467,WHIN003-WHIT001,2021-02-23T23:45:00Z,35,35,35,85,1,5,0,0,3,180,5,202.5,29.932,32,32,33,33,7,8,6,3,35.04801,36.012,1316738458,170432.3147,WHITE,White,91,181,18181,25267,24054,40,64,62,9,805,233,1349,12429,12838,1619,4905,1136,2435,3453,3829,4143,3747,37.6,36,39.1,9727,2.57,863,1335,2409,3463,251,492,7093,2.99,12083,2356,7448,2279,2298475193,225126.9481
116,Point Z,1,116,4,WHIN004-MONT001,40.04188,-86.76929,40.04188,-86.76929,WHIN004-MONT001,2021-02-23T23:45:00Z,42,42,40,80,3,9,0,0,2,225,4,225,29.986,32,32,32,32,121,137,6,7,42.01073,43.43317,1308143679,145169.6661,MONTGOMERY,Montgomery,54,107,18107,37629,36414,288,73,159,13,413,269,611,18774,18855,2507,7259,2110,3585,5484,5507,5955,5222,36.6,34.7,38.2,14595,2.5,1549,2142,3650,4763,360,867,10246,2.97,15678,1083,10707,3888,2236232750,189829.4421
117,Point Z,1,117,7,WHIN007-CASS002,40.69305,-86.21365,40.69305,-86.21365,WHIN007-CASS002,2021-02-23T23:45:00Z,37,37,36,83,1,5,0,0,3,0,4,0,29.993,32,32,33,34,5,20,21,15,37.00677,37.46392,1073801001,147649.174,CASS,Cass,9,17,18017,40930,38352,527,127,221,17,1320,366,2905,20569,20361,2846,7740,2076,4162,5686,6124,6374,5922,36.7,34.8,38.6,15715,2.53,1661,2408,3729,5062,354,892,10928,3.01,16620,905,11577,4138,1874928893,195093.6424
118,Point Z,1,118,9,WHIN009-WARR001,40.30161,-87.48241,<Null>,<Null>,<Null>,<Null>,<Null>,<Null>,<Null>,<Null>,<Null>,<Null>,<Null>,<Null>,<Null>,<Null>,<Null>,<Null>,<Null>,<Null>,<Null>,<Null>,<Null>,<Null>,<Null>,<Null>,<Null>,41.18351,42.28328,948193947.1,144068.6232,WARREN,Warren,86,171,18171,8419,8342,7,12,15,2,6,35,37,4267,4152,509,1684,313,689,1250,1287,1514,1173,38.2,36.6,39.9,3219,2.58,284,397,865,1223,79,129,2423,2.98,3477,258,2609,610,1635477879,189154.1783
119,Point Z,1,119,10,WHIN010-TIPP001,40.48022,-87.04583,40.48022,-87.04583,WHIN010-TIPP001,2021-02-23T23:45:00Z,43,45,43,74,3,7,0,0,0,<Null>,0,<Null>,29.221,32,33,33,34,3,9,9,5,42.97831,41.68277,1302322797,145012.5148,TIPPECANOE,Tippecanoe,79,157,18157,148955,132354,3752,417,6649,48,3687,2048,7834,76423,72532,8771,22429,25638,24160,19157,18093,17175,13532,27.2,25.7,29,55226,2.42,7185,8304,11781,14137,951,3010,32403,3.01,58343,3117,30892,24334,2249101081,190593.3045
120,Point Z,1,120,11,WHIN011-BENT002,40.57884,-87.3521,40.57884,-87.3521,WHIN011-BENT002,2021-02-23T23:45:00Z,43,45,43,74,427,427,0,0,5,180,6,180,29.976,32,31,32,33,163,172,41,7,42.96261,39.96395,1051997674,130767.1265,BENTON,Benton,4,7,18007,9421,9129,20,13,8,0,121,130,245,4677,4744,626,2000,389,820,1341,1380,1388,1477,36.7,34.6,38.7,3558,2.59,343,528,963,1155,88,201,2549,3.09,3818,260,2697,861,1828494476,172361.6273
121,Point Z,1,121,14,WHIN014-CARR001,40.57623,-86.48683,40.57623,-86.48683,WHIN014-CARR001,2021-02-23T23:45:00Z,39,39,39,80,2,7,0,0,0,157.5,2,157.5,29.24,33,33,34,34,6,9,9,6,39.00472,39.04031,970406171.8,140073.5824,CARROLL,Carroll,8,15,18015,20165,19691,40,33,12,1,280,108,591,10060,10105,1368,3930,870,1886,2883,3141,3281,2806,37.2,36.2,38.3,7718,2.59,784,976,2081,2820,185,294,5686,3.04,8675,957,6149,1569,1685479027,184606.9798
122,Point Z,1,122,15,WHIN015-CLIN001,40.395772,-86.46858,40.395772,-86.46858,WHIN015-CLIN001,2021-02-23T23:45:00Z,41,41,41,74,1,5,0,0,2,202.5,5,202.5,29.995,32,32,33,35,4,3,2,1,40.9792,39.86303,1048797387,132964.602,CLINTON,Clinton,12,23,18023,33866,31962,103,48,71,7,1414,261,2478,16704,17162,2390,6853,1760,3419,4802,4990,4779,4873,35.6,33.8,37.3,12545,2.63,1208,1749,3372,4018,320,721,9059,3.1,13267,722,9140,3405,1806548422,174457.6145
123,Point Z,1,123,16,WHIN016-CLIN002,40.22575,-86.280392,<Null>,<Null>,<Null>,<Null>,<Null>,<Null>,<Null>,<Null>,<Null>,<Null>,<Null>,<Null>,<Null>,<Null>,<Null>,<Null>,<Null>,<Null>,<Null>,<Null>,<Null>,<Null>,<Null>,<Null>,<Null>,39.63135,39.70479,1048797387,132964.602,CLINTON,Clinton,12,23,18023,33866,31962,103,48,71,7,1414,261,2478,16704,17162,2390,6853,1760,3419,4802,4990,4779,4873,35.6,33.8,37.3,12545,2.63,1208,1749,3372,4018,320,721,9059,3.1,13267,722,9140,3405,1806548422,174457.6145
124,Point Z,1,124,17,WHIN017-WHIT002,40.6385,-86.84135,40.6385,-86.84135,WHIN017-WHIT002,2021-02-23T23:45:00Z,40,40,40,77,3,7,0,0,4,225,9,225,29.97,32,33,33,34,33,39,20,16,39.9514,39.02407,1316738458,170432.3147,WHITE,White,91,181,18181,25267,24054,40,64,62,9,805,233,1349,12429,12838,1619,4905,1136,2435,3453,3829,4143,3747,37.6,36,39.1,9727,2.57,863,1335,2409,3463,251,492,7093,2.99,12083,2356,7448,2279,2298475193,225126.9481
125,Point Z,1,125,18,WHIN018-BENT003,40.64988,-87.47267,40.64988,-87.47267,WHIN018-BENT003,2021-02-23T23:45:00Z,39,39,37,85,3,7,0,0,5,180,8,180,29.207,33,32,33,34,6,4,3,2,39.01158,39.06809,1051997674,130767.1265,BENTON,Benton,4,7,18007,9421,9129,20,13,8,0,121,130,245,4677,4744,626,2000,389,820,1341,1380,1388,1477,36.7,34.6,38.7,3558,2.59,343,528,963,1155,88,201,2549,3.09,3818,260,2697,861,1828494476,172361.6273
126,Point Z,1,126,19,WHIN019-CASS003,40.649157,-86.335405,40.649157,-86.335405,WHIN019-CASS003,2021-02-23T23:45:00Z,39,39,38,79,1,5,0,0,3,180,5,202.5,29.978,32,32,34,35,6,7,4,6,38.98579,38.41957,1073801001,147649.174,CASS,Cass,9,17,18017,40930,38352,527,127,221,17,1320,366,2905,20569,20361,2846,7740,2076,4162,5686,6124,6374,5922,36.7,34.8,38.6,15715,2.53,1661,2408,3729,5062,354,892,10928,3.01,16620,905,11577,4138,1874928893,195093.6424
127,Point Z,1,127,21,WHIN021-MONT002,40.148842,-86.733605,<Null>,<Null>,<Null>,<Null>,<Null>,<Null>,<Null>,<Null>,<Null>,<Null>,<Null>,<Null>,<Null>,<Null>,<Null>,<Null>,<Null>,<Null>,<Null>,<Null>,<Null>,<Null>,<Null>,<Null>,<Null>,42.48664,42.20412,1308143679,145169.6661,MONTGOMERY,Montgomery,54,107,18107,37629,36414,288,73,159,13,413,269,611,18774,18855,2507,7259,2110,3585,5484,5507,5955,5222,36.6,34.7,38.2,14595,2.5,1549,2142,3650,4763,360,867,10246,2.97,15678,1083,10707,3888,2236232750,189829.4421
128,Point Z,1,128,24,WHIN024-FOUN002,39.99672,-87.25761,39.99672,-87.25761,WHIN024-FOUN002,2021-02-23T23:45:00Z,42,47,42,75,3,7,0,0,1,202.5,5,157.5,29.229,32,33,34,35,6,4,4,3,42.00529,44.27198,1029786599,142438.1468,FOUNTAIN,Fountain,23,45,18045,17954,17722,19,36,32,1,50,94,190,8908,9046,1191,3520,771,1566,2574,2589,2949,2794,37.7,35.8,39.4,7041,2.52,700,1048,1778,2380,185,334,5038,3,7692,651,5482,1559,1764513518,186539.062
129,Point Z,0,129,29,WHIN029-FOUN003,39.61978,-87.04714,<Null>,<Null>,<Null>,<Null>,<Null>,<Null>,<Null>,<Null>,<Null>,<Null>,<Null>,<Null>,<Null>,<Null>,<Null>,<Null>,<Null>,<Null>,<Null>,<Null>,<Null>,<Null>,<Null>,<Null>,<Null>,<Null>,<Null>,<Null>,<Null>,<Null>,<Null>,<Null>,<Null>,<Null>,<Null>,<Null>,<Null>,<Null>,<Null>,<Null>,<Null>,<Null>,<Null>,<Null>,<Null>,<Null>,<Null>,<Null>,<Null>,<Null>,<Null>,<Null>,<Null>,<Null>,<Null>,<Null>,<Null>,<Null>,<Null>,<Null>,<Null>,<Null>,<Null>,<Null>,<Null>,<Null>,<Null>,<Null>,<Null>,<Null>,<Null>,<Null>
130,Point Z,1,130,8,WHIN008-TIPP005 Chatham Square,40.42919,-86.84547,40.42919,-86.84547,WHIN008-TIPP005 Chatham Square,2021-02-23T23:45:00Z,45,46,45,70,2,7,0,0,2,22.5,4,22.5,29.952,36,35,34,35,6,5,6,6,45.14185,43.82264,1302322797,145012.5148,TIPPECANOE,Tippecanoe,79,157,18157,148955,132354,3752,417,6649,48,3687,2048,7834,76423,72532,8771,22429,25638,24160,19157,18093,17175,13532,27.2,25.7,29,55226,2.42,7185,8304,11781,14137,951,3010,32403,3.01,58343,3117,30892,24334,2249101081,190593.3045
131,Point Z,1,131,12,WHIN012-WARR002,40.38611,-87.10128,40.38611,-87.10128,WHIN012-WARR002,2021-02-23T23:45:00Z,44,45,44,73,3,7,0,0,1,202.5,4,202.5,29.985,32,33,34,35,9,10,5,3,43.99025,42.65173,948193947.1,144068.6232,WARREN,Warren,86,171,18171,8419,8342,7,12,15,2,6,35,37,4267,4152,509,1684,313,689,1250,1287,1514,1173,38.2,36.6,39.9,3219,2.58,284,397,865,1223,79,129,2423,2.98,3477,258,2609,610,1635477879,189154.1783
132,Point Z,1,132,13,WHIN013-TIPP002,40.52163,-87.020111,40.52163,-87.020111,WHIN013-TIPP002,2021-02-23T23:45:00Z,39,41,39,76,3,7,0,0,1,247.5,4,247.5,29.986,31,32,33,34,148,7,3,4,39.01987,40.35405,1302322797,145012.5148,TIPPECANOE,Tippecanoe,79,157,18157,148955,132354,3752,417,6649,48,3687,2048,7834,76423,72532,8771,22429,25638,24160,19157,18093,17175,13532,27.2,25.7,29,55226,2.42,7185,8304,11781,14137,951,3010,32403,3.01,58343,3117,30892,24334,2249101081,190593.3045
133,Point Z,1,133,22,WHIN022-CLIN003 EXT,40.24847,-86.59035,40.24847,-86.59035,WHIN022-CLIN003 EXT,2021-02-23T23:45:00Z,37,39,37,78,2,7,0,0,0,<Null>,0,<Null>,30.008,32,32,33,34,83,5,14,3,37.03756,39.46125,1048797387,132964.602,CLINTON,Clinton,12,23,18023,33866,31962,103,48,71,7,1414,261,2478,16704,17162,2390,6853,1760,3419,4802,4990,4779,4873,35.6,33.8,37.3,12545,2.63,1208,1749,3372,4018,320,721,9059,3.1,13267,722,9140,3405,1806548422,174457.6145
134,Point Z,1,134,23,WHIN023-WHIT003 EXT,40.75144,-86.86746,40.75144,-86.86746,WHIN023-WHIT003 EXT,2021-02-23T23:45:00Z,37,38,37,84,1,5,0,0,2,180,4,180,29.118,34,35,36,37,6,6,5,3,36.99599,37.04586,1316738458,170432.3147,WHITE,White,91,181,18181,25267,24054,40,64,62,9,805,233,1349,12429,12838,1619,4905,1136,2435,3453,3829,4143,3747,37.6,36,39.1,9727,2.57,863,1335,2409,3463,251,492,7093,2.99,12083,2356,7448,2279,2298475193,225126.9481
135,Point Z,1,135,25,WHIN025-MONT003 EXT,40.04481,-86.89126,40.04481,-86.89126,WHIN025-MONT003 EXT,2021-02-23T23:45:00Z,49,50,49,63,2,7,0,0,1,225,4,247.5,29.187,33,33,34,35,7,6,6,7,48.96042,45.42506,1308143679,145169.6661,MONTGOMERY,Montgomery,54,107,18107,37629,36414,288,73,159,13,413,269,611,18774,18855,2507,7259,2110,3585,5484,5507,5955,5222,36.6,34.7,38.2,14595,2.5,1549,2142,3650,4763,360,867,10246,2.97,15678,1083,10707,3888,2236232750,189829.4421
136,Point Z,1,136,26,WHIN026-BENT004 EXT,40.54842,-87.12283,<Null>,<Null>,<Null>,<Null>,<Null>,<Null>,<Null>,<Null>,<Null>,<Null>,<Null>,<Null>,<Null>,<Null>,<Null>,<Null>,<Null>,<Null>,<Null>,<Null>,<Null>,<Null>,<Null>,<Null>,<Null>,39.00402,39.67287,1051997674,130767.1265,BENTON,Benton,4,7,18007,9421,9129,20,13,8,0,121,130,245,4677,4744,626,2000,389,820,1341,1380,1388,1477,36.7,34.6,38.7,3558,2.59,343,528,963,1155,88,201,2549,3.09,3818,260,2697,861,1828494476,172361.6273
137,Point Z,1,137,27,WHIN027-TIPP003 EXT,40.38494,-86.84577,40.38494,-86.84577,WHIN027-TIPP003 EXT,2021-02-23T23:45:00Z,43,45,43,73,2,7,0,0,0,0,2,0,29.261,33,34,34,35,6,5,5,6,43.04144,43.27241,1302322797,145012.5148,TIPPECANOE,Tippecanoe,79,157,18157,148955,132354,3752,417,6649,48,3687,2048,7834,76423,72532,8771,22429,25638,24160,19157,18093,17175,13532,27.2,25.7,29,55226,2.42,7185,8304,11781,14137,951,3010,32403,3.01,58343,3117,30892,24334,2249101081,190593.3045
138,Point Z,1,138,30,WHIN030-CARR009 EXT,40.54726,-86.52444,40.54726,-86.52444,WHIN030-CARR009 EXT,2021-02-23T23:45:00Z,41,42,41,72,2,7,0,0,1,225,3,225,29.249,32,33,34,35,5,7,8,3,40.89119,39.53134,970406171.8,140073.5824,CARROLL,Carroll,8,15,18015,20165,19691,40,33,12,1,280,108,591,10060,10105,1368,3930,870,1886,2883,3141,3281,2806,37.2,36.2,38.3,7718,2.59,784,976,2081,2820,185,294,5686,3.04,8675,957,6149,1569,1685479027,184606.9798
139,Point Z,1,139,31,WHIN031-CASS005 EXT,40.78383,-86.33381,40.78383,-86.33381,WHIN031-CASS005 EXT,2021-02-23T23:45:00Z,41,42,41,75,1,5,0,0,2,202.5,5,180,29.114,32,32,33,33,29,20,6,5,40.97112,39.61161,1073801001,147649.174,CASS,Cass,9,17,18017,40930,38352,527,127,221,17,1320,366,2905,20569,20361,2846,7740,2076,4162,5686,6124,6374,5922,36.7,34.8,38.6,15715,2.53,1661,2408,3729,5062,354,892,10928,3.01,16620,905,11577,4138,1874928893,195093.6424
140,Point Z,1,140,35,WHIN035-CASS004 Ivy Tech,40.73612,-86.35604,40.73612,-86.35604,WHIN035-CASS004 Ivy Tech,2021-02-23T23:45:00Z,38,39,38,77,2,7,0,0,3,247.5,4,225,29.336,32,32,34,36,70,18,4,2,38.0069,38.36422,1073801001,147649.174,CASS,Cass,9,17,18017,40930,38352,527,127,221,17,1320,366,2905,20569,20361,2846,7740,2076,4162,5686,6124,6374,5922,36.7,34.8,38.6,15715,2.53,1661,2408,3729,5062,354,892,10928,3.01,16620,905,11577,4138,1874928893,195093.6424
141,Point Z,1,141,36,WHIN036-TIPP004,40.29861,-86.90033,40.29861,-86.90033,WHIN036-TIPP004,2021-02-23T23:45:00Z,41,43,41,75,2,7,0,0,2,202.5,3,202.5,29.217,32,32,33,33,3,3,5,1,41.01536,42.99211,1302322797,145012.5148,TIPPECANOE,Tippecanoe,79,157,18157,148955,132354,3752,417,6649,48,3687,2048,7834,76423,72532,8771,22429,25638,24160,19157,18093,17175,13532,27.2,25.7,29,55226,2.42,7185,8304,11781,14137,951,3010,32403,3.01,58343,3117,30892,24334,2249101081,190593.3045
142,Point Z,1,142,38,WHIN038-WARR004,40.29858,-87.38647,<Null>,<Null>,<Null>,<Null>,<Null>,<Null>,<Null>,<Null>,<Null>,<Null>,<Null>,<Null>,<Null>,<Null>,<Null>,<Null>,<Null>,<Null>,<Null>,<Null>,<Null>,<Null>,<Null>,<Null>,<Null>,42.6044,42.79075,948193947.1,144068.6232,WARREN,Warren,86,171,18171,8419,8342,7,12,15,2,6,35,37,4267,4152,509,1684,313,689,1250,1287,1514,1173,38.2,36.6,39.9,3219,2.58,284,397,865,1223,79,129,2423,2.98,3477,258,2609,610,1635477879,189154.1783
143,Point Z,1,143,41,WHIN041-TIPP006 Cumberland Gardens,40.46325,-86.91867,40.46325,-86.91867,WHIN041-TIPP006 Cumberland Gardens,2021-02-23T23:45:00Z,45,46,45,69,2,5,0,0,0,<Null>,0,<Null>,29.243,33,34,35,35,9,6,7,9,44.97513,43.1363,1302322797,145012.5148,TIPPECANOE,Tippecanoe,79,157,18157,148955,132354,3752,417,6649,48,3687,2048,7834,76423,72532,8771,22429,25638,24160,19157,18093,17175,13532,27.2,25.7,29,55226,2.42,7185,8304,11781,14137,951,3010,32403,3.01,58343,3117,30892,24334,2249101081,190593.3045
144,Point Z,1,144,42,WHIN042-CARR002,40.54233,-86.4815,40.54233,-86.4815,WHIN042-CARR002,2021-02-23T23:45:00Z,39,40,39,75,2,7,0,0,2,202.5,3,202.5,29.21,32,33,33,35,7,4,4,6,39.00869,39.12915,970406171.8,140073.5824,CARROLL,Carroll,8,15,18015,20165,19691,40,33,12,1,280,108,591,10060,10105,1368,3930,870,1886,2883,3141,3281,2806,37.2,36.2,38.3,7718,2.59,784,976,2081,2820,185,294,5686,3.04,8675,957,6149,1569,1685479027,184606.9798
145,Point Z,1,145,44,Pedestrian Bridge,40.41936,-86.89753,40.41936,-86.89753,Pedestrian Bridge,2021-02-23T23:45:00Z,46,47,46,68,3,7,0,0,3,180,7,157.5,29.978,<Null>,<Null>,<Null>,<Null>,<Null>,<Null>,<Null>,<Null>,45.97816,43.99119,1302322797,145012.5148,TIPPECANOE,Tippecanoe,79,157,18157,148955,132354,3752,417,6649,48,3687,2048,7834,76423,72532,8771,22429,25638,24160,19157,18093,17175,13532,27.2,25.7,29,55226,2.42,7185,8304,11781,14137,951,3010,32403,3.01,58343,3117,30892,24334,2249101081,190593.3045
146,Point Z,1,146,168,WHIN051E-BENT005,40.48079,-87.20682,40.48079,-87.20682,WHIN051E-BENT005,2021-02-23T23:30:00Z,45,45,44,72,9,12,0,0,1,247.5,2,247.5,29.805,<Null>,<Null>,<Null>,<Null>,<Null>,<Null>,<Null>,<Null>,44.82582,41.13762,1051997674,130767.1265,BENTON,Benton,4,7,18007,9421,9129,20,13,8,0,121,130,245,4677,4744,626,2000,389,820,1341,1380,1388,1477,36.7,34.6,38.7,3558,2.59,343,528,963,1155,88,201,2549,3.09,3818,260,2697,861,1828494476,172361.6273
147,Point Z,1,147,151,WHIN059-CASS006,40.84436,-86.18173,40.84436,-86.18173,WHIN059-CASS006,2021-02-23T23:45:00Z,39,40,39,76,2,7,0,0,6,202.5,8,225,29.123,32,32,32,32,2,191,12,14,38.99851,<Null>,1073801001,147649.174,CASS,Cass,9,17,18017,40930,38352,527,127,221,17,1320,366,2905,20569,20361,2846,7740,2076,4162,5686,6124,6374,5922,36.7,34.8,38.6,15715,2.53,1661,2408,3729,5062,354,892,10928,3.01,16620,905,11577,4138,1874928893,195093.6424
148,Point Z,1,148,150,WHIN058-PULA007,41.00467,-86.68428,41.00467,-86.68428,WHIN058-PULA007,2021-02-23T23:45:00Z,37,38,37,82,3,7,0,0,5,225,8,225,29.241,32,33,33,33,4,6,7,7,36.99586,37.08633,1124643616,135689.1653,PULASKI,Pulaski,66,131,18131,13755,13415,127,30,28,3,48,104,191,6938,6817,845,2858,610,1171,1878,2114,2167,2112,37.8,36.6,38.8,5170,2.59,533,680,1385,1790,131,239,3780,3.06,5918,748,4166,1004,1980407048,180008.604
149,Point Z,1,149,161,WHIN071-PULA009,40.97021,-86.89882,<Null>,<Null>,<Null>,<Null>,<Null>,<Null>,<Null>,<Null>,<Null>,<Null>,<Null>,<Null>,<Null>,<Null>,<Null>,<Null>,<Null>,<Null>,<Null>,<Null>,<Null>,<Null>,<Null>,<Null>,<Null>,34.96325,35.33745,1124643616,135689.1653,PULASKI,Pulaski,66,131,18131,13755,13415,127,30,28,3,48,104,191,6938,6817,845,2858,610,1171,1878,2114,2167,2112,37.8,36.6,38.8,5170,2.59,533,680,1385,1790,131,239,3780,3.06,5918,748,4166,1004,1980407048,180008.604
150,Point Z,0,150,143,WHIN053-PULA005,40.98224,-86.38542,40.98224,-86.38542,WHIN053-PULA005,2021-02-23T23:45:00Z,37,37,37,82,2,7,0,0,8,202.5,10,202.5,29.179,32,33,34,35,5,5,14,8,37.00032,37.04371,<Null>,<Null>,<Null>,<Null>,<Null>,<Null>,<Null>,<Null>,<Null>,<Null>,<Null>,<Null>,<Null>,<Null>,<Null>,<Null>,<Null>,<Null>,<Null>,<Null>,<Null>,<Null>,<Null>,<Null>,<Null>,<Null>,<Null>,<Null>,<Null>,<Null>,<Null>,<Null>,<Null>,<Null>,<Null>,<Null>,<Null>,<Null>,<Null>,<Null>,<Null>,<Null>,<Null>,<Null>,<Null>
151,Point Z,1,151,147,WHIN057-PULA006,41.01865,-86.7101,41.01865,-86.7101,WHIN057-PULA006,2021-02-23T23:45:00Z,36,38,36,80,2,7,0,0,3,225,5,225,29.226,33,34,35,35,3,3,4,6,36.03244,36.71064,1124643616,135689.1653,PULASKI,Pulaski,66,131,18131,13755,13415,127,30,28,3,48,104,191,6938,6817,845,2858,610,1171,1878,2114,2167,2112,37.8,36.6,38.8,5170,2.59,533,680,1385,1790,131,239,3780,3.06,5918,748,4166,1004,1980407048,180008.604
152,Point Z,1,152,158,WHIN067-PULA008 West Central,41.02811,-86.89036,41.02811,-86.89036,WHIN067-PULA008 West Central,2021-02-23T23:45:00Z,34,34,34,86,2,7,0,0,6,202.5,7,202.5,29.25,32,33,34,35,4,8,5,13,34.02129,34.87804,1124643616,135689.1653,PULASKI,Pulaski,66,131,18131,13755,13415,127,30,28,3,48,104,191,6938,6817,845,2858,610,1171,1878,2114,2167,2112,37.8,36.6,38.8,5170,2.59,533,680,1385,1790,131,239,3780,3.06,5918,748,4166,1004,1980407048,180008.604
153,Point Z,0,153,160,WHIN069-CASS007,40.97061,-86.35304,40.97061,-86.35304,WHIN069-CASS007,2021-02-23T23:45:00Z,37,37,37,83,3,9,0,0,7,225,9,225,29.141,32,32,32,34,98,173,36,31,37.00206,37.20619,<Null>,<Null>,<Null>,<Null>,<Null>,<Null>,<Null>,<Null>,<Null>,<Null>,<Null>,<Null>,<Null>,<Null>,<Null>,<Null>,<Null>,<Null>,<Null>,<Null>,<Null>,<Null>,<Null>,<Null>,<Null>,<Null>,<Null>,<Null>,<Null>,<Null>,<Null>,<Null>,<Null>,<Null>,<Null>,<Null>,<Null>,<Null>,<Null>,<Null>,<Null>,<Null>,<Null>,<Null>,<Null>
154,Point Z,1,154,139,Francesville,41.02205,-86.83381,<Null>,<Null>,<Null>,<Null>,<Null>,<Null>,<Null>,<Null>,<Null>,<Null>,<Null>,<Null>,<Null>,<Null>,<Null>,<Null>,<Null>,<Null>,<Null>,<Null>,<Null>,<Null>,<Null>,<Null>,<Null>,35.83817,35.96385,1124643616,135689.1653,PULASKI,Pulaski,66,131,18131,13755,13415,127,30,28,3,48,104,191,6938,6817,845,2858,610,1171,1878,2114,2167,2112,37.8,36.6,38.8,5170,2.59,533,680,1385,1790,131,239,3780,3.06,5918,748,4166,1004,1980407048,180008.604
155,Point Z,1,155,51,Thornhope,40.913702,-86.544453,40.913702,-86.544453,Thornhope,2021-02-23T23:45:00Z,38,38,38,81,<Null>,32767,0,0,6,202.5,8,202.5,29.902,33,33,34,34,9,11,9,12,37.98423,37.41671,1124643616,135689.1653,PULASKI,Pulaski,66,131,18131,13755,13415,127,30,28,3,48,104,191,6938,6817,845,2858,610,1171,1878,2114,2167,2112,37.8,36.6,38.8,5170,2.59,533,680,1385,1790,131,239,3780,3.06,5918,748,4166,1004,1980407048,180008.604
156,Point Z,1,156,52,Medaryville,41.08899,-86.89137,41.08899,-86.89137,Medaryville,2021-02-23T23:45:00Z,38,38,38,82,<Null>,32767,0,0,5,202.5,7,225,30.002,32,33,34,36,5,<Null>,20,13,37.99135,36.98699,1124643616,135689.1653,PULASKI,Pulaski,66,131,18131,13755,13415,127,30,28,3,48,104,191,6938,6817,845,2858,610,1171,1878,2114,2167,2112,37.8,36.6,38.8,5170,2.59,533,680,1385,1790,131,239,3780,3.06,5918,748,4166,1004,1980407048,180008.604
157,Point Z,1,157,53,Francesville,40.941671,-86.838294,<Null>,<Null>,<Null>,<Null>,<Null>,<Null>,<Null>,<Null>,<Null>,<Null>,<Null>,<Null>,<Null>,<Null>,<Null>,<Null>,<Null>,<Null>,<Null>,<Null>,<Null>,<Null>,<Null>,<Null>,<Null>,36.33956,36.26751,1124643616,135689.1653,PULASKI,Pulaski,66,131,18131,13755,13415,127,30,28,3,48,104,191,6938,6817,845,2858,610,1171,1878,2114,2167,2112,37.8,36.6,38.8,5170,2.59,533,680,1385,1790,131,239,3780,3.06,5918,748,4166,1004,1980407048,180008.604
158,Point Z,1,158,54,Francessville,41.01236,-86.909964,41.01236,-86.909964,Francessville,2021-02-23T23:45:00Z,34,35,34,90,<Null>,32767,0,0,0,<Null>,0,<Null>,30.16,32,31,32,32,140,85,37,14,34.01404,34.71691,1124643616,135689.1653,PULASKI,Pulaski,66,131,18131,13755,13415,127,30,28,3,48,104,191,6938,6817,845,2858,610,1171,1878,2114,2167,2112,37.8,36.6,38.8,5170,2.59,533,680,1385,1790,131,239,3780,3.06,5918,748,4166,1004,1980407048,180008.604
159,Point Z,1,159,56,Headlee,40.909704,-86.636375,40.909704,-86.636375,Headlee,2021-02-23T23:30:00Z,39,40,39,80,<Null>,32767,0,0,5,202.5,9,202.5,29.93,35,36,36,41,13,9,9,8,38.9702,38.2977,1316738458,170432.3147,WHITE,White,91,181,18181,25267,24054,40,64,62,9,805,233,1349,12429,12838,1619,4905,1136,2435,3453,3829,4143,3747,37.6,36,39.1,9727,2.57,863,1335,2409,3463,251,492,7093,2.99,12083,2356,7448,2279,2298475193,225126.9481
160,Point Z,1,160,66,Buffalo,40.908143,-86.658619,40.908143,-86.658619,Buffalo,2021-02-23T23:30:00Z,38,38,38,85,<Null>,32767,0,0,6,202.5,8,202.5,29.901,32,34,33,34,40,24,20,16,38.00501,38.09672,1316738458,170432.3147,WHITE,White,91,181,18181,25267,24054,40,64,62,9,805,233,1349,12429,12838,1619,4905,1136,2435,3453,3829,4143,3747,37.6,36,39.1,9727,2.57,863,1335,2409,3463,251,492,7093,2.99,12083,2356,7448,2279,2298475193,225126.9481
161,Point Z,1,161,67,Monticello,40.91174,-86.75088,<Null>,<Null>,<Null>,<Null>,<Null>,<Null>,<Null>,<Null>,<Null>,<Null>,<Null>,<Null>,<Null>,<Null>,<Null>,<Null>,<Null>,<Null>,<Null>,<Null>,<Null>,<Null>,<Null>,<Null>,<Null>,37.77187,37.51692,1316738458,170432.3147,WHITE,White,91,181,18181,25267,24054,40,64,62,9,805,233,1349,12429,12838,1619,4905,1136,2435,3453,3829,4143,3747,37.6,36,39.1,9727,2.57,863,1335,2409,3463,251,492,7093,2.99,12083,2356,7448,2279,2298475193,225126.9481
162,Point Z,1,162,72,Monon,40.904426,-86.835242,<Null>,<Null>,<Null>,<Null>,<Null>,<Null>,<Null>,<Null>,<Null>,<Null>,<Null>,<Null>,<Null>,<Null>,<Null>,<Null>,<Null>,<Null>,<Null>,<Null>,<Null>,<Null>,<Null>,<Null>,<Null>,36.84428,36.63591,1316738458,170432.3147,WHITE,White,91,181,18181,25267,24054,40,64,62,9,805,233,1349,12429,12838,1619,4905,1136,2435,3453,3829,4143,3747,37.6,36,39.1,9727,2.57,863,1335,2409,3463,251,492,7093,2.99,12083,2356,7448,2279,2298475193,225126.9481
163,Point Z,1,163,79,Royal Center,40.897101,-86.516266,40.897101,-86.516266,Royal Center,2021-02-23T23:45:00Z,36,37,36,85,<Null>,32767,0,0,4,202.5,6,202.5,29.875,32,32,33,34,28,7,15,18,36.02155,36.73538,1073801001,147649.174,CASS,Cass,9,17,18017,40930,38352,527,127,221,17,1320,366,2905,20569,20361,2846,7740,2076,4162,5686,6124,6374,5922,36.7,34.8,38.6,15715,2.53,1661,2408,3729,5062,354,892,10928,3.01,16620,905,11577,4138,1874928893,195093.6424
164,Point Z,1,164,28,WHIN028-PUL003 West Central HS,41.02719,-86.887,<Null>,<Null>,<Null>,<Null>,<Null>,<Null>,<Null>,<Null>,<Null>,<Null>,<Null>,<Null>,<Null>,<Null>,<Null>,<Null>,<Null>,<Null>,<Null>,<Null>,<Null>,<Null>,<Null>,<Null>,<Null>,34.03529,34.92612,1124643616,135689.1653,PULASKI,Pulaski,66,131,18131,13755,13415,127,30,28,3,48,104,191,6938,6817,845,2858,610,1171,1878,2114,2167,2112,37.8,36.6,38.8,5170,2.59,533,680,1385,1790,131,239,3780,3.06,5918,748,4166,1004,1980407048,180008.604
165,Point Z,1,165,33,WHIN033-PUL003 EXT,41.05992,-86.65639,41.05992,-86.65639,WHIN033-PUL003 EXT,2021-02-23T23:45:00Z,39,40,39,80,1,5,0,0,3,225,9,180,29.225,32,32,33,33,6,9,20,16,38.98807,38.11443,1124643616,135689.1653,PULASKI,Pulaski,66,131,18131,13755,13415,127,30,28,3,48,104,191,6938,6817,845,2858,610,1171,1878,2114,2167,2112,37.8,36.6,38.8,5170,2.59,533,680,1385,1790,131,239,3780,3.06,5918,748,4166,1004,1980407048,180008.604
166,Point Z,1,166,1,WHIN001-PULA001,40.93894,-86.47418,40.93894,-86.47418,WHIN001-PULA001,2021-02-23T23:45:00Z,35,37,35,86,1,7,0,0,5,225,6,225,29.99,32,32,32,34,4,7,6,15,35.01255,36.11676,1124643616,135689.1653,PULASKI,Pulaski,66,131,18131,13755,13415,127,30,28,3,48,104,191,6938,6817,845,2858,610,1171,1878,2114,2167,2112,37.8,36.6,38.8,5170,2.59,533,680,1385,1790,131,239,3780,3.06,5918,748,4166,1004,1980407048,180008.604
167,Point Z,1,167,5,WHIN005-CASS001,40.89261,-86.23791,40.89261,-86.23791,WHIN005-CASS001,2021-02-23T23:30:00Z,39,39,37,80,11,14,0,0,8,225,12,225,29.961,32,33,34,34,6,4,5,5,38.99644,38.6978,1073801001,147649.174,CASS,Cass,9,17,18017,40930,38352,527,127,221,17,1320,366,2905,20569,20361,2846,7740,2076,4162,5686,6124,6374,5922,36.7,34.8,38.6,15715,2.53,1661,2408,3729,5062,354,892,10928,3.01,16620,905,11577,4138,1874928893,195093.6424
168,Point Z,1,168,6,WHIN006-PULA002,41.03067,-86.75275,41.03067,-86.75275,WHIN006-PULA002,2021-02-23T23:45:00Z,37,38,37,83,1,5,0,0,4,202.5,7,202.5,29.977,33,33,34,35,5,2,3,1,36.99848,36.84524,1124643616,135689.1653,PULASKI,Pulaski,66,131,18131,13755,13415,127,30,28,3,48,104,191,6938,6817,845,2858,610,1171,1878,2114,2167,2112,37.8,36.6,38.8,5170,2.59,533,680,1385,1790,131,239,3780,3.06,5918,748,4166,1004,1980407048,180008.604
